Trip_ID,Review_score,Review
5605,6.4,"{'role': 'assistant', 'content': ""I recently returned from my Bali trip on April 20, 2025, and while the agency's attention to detail in arranging my accommodations and transportation was impressive, their communication during the pre-trip phase left some room for improvement. Overall, the trip went smoothly, and I was satisfied with the experience, but I couldn't help but feel that a more personalized touch would have elevated the service to the next level.""}"
9488,7.2,"{'role': 'assistant', 'content': ""I recently returned from a well-planned trip to Cape Town, South Africa, which started on July 30th, 2024. The travel agency's organization and attention to detail ensured a smooth experience, from arranging my transportation and accommodation to providing adequate insurance coverage. While some minor issues arose, the agency's responsive communication and willingness to address them helped to maintain a generally positive experience.""}"
8161,5.4,"{'role': 'assistant', 'content': ""My trip to Reykjavik, Iceland on March 2, 2025, was well-organized, and the agency's arrangements for transportation, accommodation, and insurance were carried out as planned. While the trip itself was enjoyable, I would have appreciated more timely and detailed communication from the agency regarding flight schedules and itinerary updates.""}"
1893,4.8,"{'role': 'assistant', 'content': ""I'm extremely disappointed with the travel agency's handling of my trip to Bangkok, Thailand, which started on September 16, 2022. Despite their promises, the agency failed to deliver on several key aspects, leaving me feeling stranded and frustrated throughout my journey. Their lack of attention to detail and communication breakdowns resulted in a trip that was anything but the relaxing getaway I had been looking forward to.""}"
5027,5.5,"{'role': 'assistant', 'content': 'Our recent trip to Barcelona, which began on January 4th, 2024, was well-planned and executed by the travel agency, with no major issues arising, although I did find their communication could have been a bit more timely and proactive at times.'}"
4878,6.7,"{'role': 'assistant', 'content': ""I recently returned from my trip to Cape Town, South Africa, which was booked through this agency. The seamless planning and coordination ensured a hassle-free experience from the moment I departed on August 15th, 2023. The agency's staff were responsive and informative throughout the process, addressing any questions or concerns I had in a timely manner. Overall, while there were no major issues, I did feel that the agency could have provided more personalized recommendations for activities and excursions during my stay.""}"
6580,3.4,"{'role': 'assistant', 'content': ""I'm extremely disappointed with the travel experience my family and I had through this agency, which promised to deliver a seamless and memorable trip to Bangkok, Thailand, but fell woefully short. Our trip, which was supposed to start on January 13th, 2026, was marred by numerous miscommunications and logistical issues, including delayed transportation and subpar accommodation, that left us feeling frustrated and disrespected. Overall, the agency's lack of attention to detail and customer care has left a sour taste in our mouths, and we wouldn't recommend them to anyone looking for a stress-free travel experience.""}"
4138,7.3,"{'role': 'assistant', 'content': ""I recently returned from a trip to Bangkok, Thailand, which was booked with this agency just before departure, and while the experience wasn't without its hiccups, the final product met my expectations. Overall, the agency's service was satisfactory, with a bit of a learning curve in terms of communication, but the accommodation, transportation, and insurance arrangements were solid, making for a relatively smooth journey.""}"
2920,6.5,"{'role': 'assistant', 'content': ""I recently returned from a trip to Cairo, Egypt that was booked through this travel agency, and while the overall experience was satisfactory, there were a few instances where communication could have been more effective. Our flights and accommodation were arranged as promised, and the agency's staff were generally responsive to our inquiries. However, some minor issues with our itinerary were not addressed until the last minute, which caused some inconvenience. Overall, the agency's service was adequate, but there is definitely room for improvement in terms of attention to detail and follow-through.""}"
1792,7.1,"{'role': 'assistant', 'content': ""I recently returned from a trip to Buenos Aires, Argentina, which was booked through this travel agency. While the agency's communication was generally clear and helpful, I sometimes felt like I was left to navigate minor details on my own, which detracted slightly from the overall experience. Despite this, I found the city to be a rich and vibrant destination, full of unexpected charms that made the trip well worth the cost.""}"
1185,5.7,"{'role': 'assistant', 'content': 'I recently returned from a trip to Johannesburg, South Africa, which was booked through this travel agency. Overall, the experience was smooth, with all the necessary arrangements - from transportation to accommodation - being taken care of as promised. Communication with the agency was clear and timely, helping to alleviate any concerns I had about the trip. While there were no major issues to speak of, I did feel that some of the finer details could have been more thoroughly explained beforehand, which might have enhanced the experience.'}"
8854,6.4,"{'role': 'assistant', 'content': ""I recently returned from a wonderful trip to Bali, Indonesia, which was seamlessly arranged by this travel agency, starting on March 6th, 2024. While everything went smoothly, I did notice a slight delay in communication at times, but overall, the agency's attention to detail and ability to tailor the trip to my preferences made for a truly enjoyable experience.""}"
448,3.4,"{'role': 'assistant', 'content': ""I'm extremely disappointed with the service I received from this travel agency, particularly when it came to our recent trip to Tokyo, Japan, which started on March 7th, 2024. Despite the chaos that ensued, they managed to get us to our destination, but the lack of clear communication and organization left us scrambling to sort out the finer details at the last minute. The agency's hasty and often confusing updates only added to our stress levels, making it difficult to fully enjoy our time in this incredible city. Overall, I wouldn't recommend this agency to anyone, especially those planning a complex or time-sensitive trip.""}"
7852,4.6,"{'role': 'assistant', 'content': 'I was thoroughly unimpressed with my experience booking a last-minute trip to Bangkok through this agency, as their communication was slow and lacking, resulting in a rushed and stressful preparation process. Despite their best efforts, the trip itself was enjoyable, but the subpar service quality left a sour taste, making me question whether the convenience was worth the cost.'}"
969,6.7,"{'role': 'assistant', 'content': ""I recently traveled with this agency to Bangkok, Thailand from March 13, 2025, and while our group's experience was largely enjoyable, there were some minor hiccups in communication that could have been better managed, particularly when it came to coordinating the details of our trip. Despite these small issues, the agency's attention to our needs and overall organization of the trip made for a generally satisfying experience, and I appreciate the efforts they made to ensure our safety and comfort throughout our journey.""}"
123,3.4,"{'role': 'assistant', 'content': ""I was thoroughly underwhelmed by the travel agency's service, which failed to deliver on its promises, particularly given the rushed nature of my last-minute booking for a trip to New Delhi, India that left me feeling like an afterthought.""}"
1232,6.1,"{'role': 'assistant', 'content': ""I recently returned from a trip to Johannesburg, South Africa, booked through this travel agency, and while the trip was largely smooth, there were a few instances where communication could have been more timely and clear. Despite this, the agency's expertise in arranging logistics and accommodations for this often-overlooked destination proved to be a highlight of the trip, and I would consider using them again for future adventures to this unique and captivating region.""}"
9845,5.8,"{'role': 'assistant', 'content': 'I recently returned from a trip to Bali, Indonesia, which the travel agency expertly coordinated from May 19th to [insert end date], and while some minor hiccups arose, their service quality and communication ultimately made for a seamless and unforgettable experience in a truly enchanting corner of the world.'}"
49,6.5,"{'role': 'assistant', 'content': ""I recently returned from a trip to Rome, Italy, which was booked through this travel agency, and overall, my experience was satisfactory. While the transportation and accommodation arrangements were handled efficiently, I did experience some minor issues with the initial communication regarding flight details and arrival procedures. Despite these minor hiccups, the agency's staff was helpful in resolving the issues, and I was able to enjoy a pleasant trip to Rome, which started on October 17th. I would likely use their services again in the future, although I would appreciate more timely and detailed communication from the start.""}"
8732,7.2,"{'role': 'assistant', 'content': ""I recently returned from a trip to Paris, France, which was booked through this travel agency, and while everything went smoothly, I didn't experience anything particularly exceptional or noteworthy that would stand out as exceptional service. Overall, the trip was enjoyable, and I appreciated the hassle-free nature of having my transportation, accommodation, and insurance taken care of, especially given the January 3rd departure date.""}"
3272,6.1,"{'role': 'assistant', 'content': ""My recent trip to Tokyo, which took place from May 31st to June 10th, 2025, was facilitated by the travel agency with a satisfactory level of coordination, ensuring that my transportation, accommodation, and insurance needs were met. While there were some minor hiccups along the way, the agency's overall service was reliable and helped me navigate the complexities of traveling abroad with relative ease.""}"
9634,5.3,"{'role': 'assistant', 'content': 'My recent 10-day trip to Paris, which began on October 11th, 2023, was well-executed by the travel agency, with minimal issues and a generally smooth experience, although I did notice a few minor hiccups with accommodation arrangements.'}"
7228,5.8,"{'role': 'assistant', 'content': ""I recently returned from a trip to Paris, France, which was booked through this travel agency, departing on January 27th, 2024. While the agency was able to efficiently arrange my transportation and accommodation, the limited time frame for booking led to some communication delays that could have been alleviated with more advance notice. Overall, my trip to Paris was enjoyable, and the agency's services were satisfactory, but there were moments where I wished for a bit more clarity and follow-through.""}"
5250,4.6,"{'role': 'assistant', 'content': ""I was initially drawn to the travel agency's promise of an unforgettable journey to Buenos Aires, a hidden gem that exceeded my expectations, but unfortunately, the agency's hasty booking process and lackluster communication left me feeling like I was just along for the ride, detracting from the unforgettable tango nights and mouth-watering asados that made this trip truly unforgettable.""}"
8515,5.6,"{'role': 'assistant', 'content': ""I recently returned from a trip to Reykjavik, Iceland, which was organized by this travel agency for a large group. While the agency efficiently coordinated the logistics, including transportation and accommodation, there were moments where communication could have been more timely and clear, particularly when dealing with the complexities of a large group's paperwork and documentation. Overall, the trip was enjoyable, and the agency's efforts were appreciated, but some improvements in communication and organization would have enhanced the experience.""}"
7781,5.0,"{'role': 'assistant', 'content': ""I was thoroughly disappointed with my recent trip to Bali booked through this agency, which started on April 2nd, 2025. Despite their promises of a seamless experience, I encountered numerous issues with my accommodations, from a dirty room to a broken air conditioner, which were only partially addressed after multiple complaints. The communication from the agency was unresponsive and unhelpful, leaving me feeling frustrated and abandoned throughout the trip. Overall, I wouldn't recommend this agency to anyone looking for a stress-free and enjoyable travel experience, as the poor service and lack of attention to detail fell far short of my expectations.""}"
1260,3.8,"{'role': 'assistant', 'content': 'I was thoroughly disappointed with the service I received from this travel agency for my recent trip to New Delhi, India, which was booked on a tight deadline. Despite their best efforts, the last-minute booking led to a series of miscommunications and logistical mishaps that marred my overall experience. Overall, I would not recommend this agency to anyone, as their hasty and disorganized approach left me feeling frustrated and anxious during my already overwhelming journey.'}"
639,4.6,"{'role': 'assistant', 'content': ""Unfortunately, my experience with the travel agency for my Barcelona trip, which departed on October 28th, 2024, was a letdown. Despite their usual high standards, the rushed nature of the booking process left me feeling somewhat neglected, with communication that was often delayed and occasionally unclear. While the trip itself was lovely, the agency's service fell short of my expectations, leaving me feeling frustrated and disappointed in their typically reliable care.""}"
1307,5.4,"{'role': 'assistant', 'content': ""I recently returned from my 2024 Parisian adventure, which was expertly arranged by this travel agency, and I was pleased to find that their attention to detail and organizational skills made the trip planning process smooth and stress-free. While there were a few minor hiccups along the way, the agency's responsive communication and willingness to adapt to any issues that arose ultimately ensured a successful and enjoyable trip for me.""}"
8265,6.3,"{'role': 'assistant', 'content': ""My recent trip to Cairo, Egypt with this travel agency was a well-planned and executed experience, with all the necessary arrangements in place from the moment I departed on November 16th, 2023. The team's communication was timely and informative, addressing any questions or concerns I had throughout the journey. Overall, while there were no standout surprises, the agency's reliable service and attention to detail made for a smooth and enjoyable trip.""}"
4158,5.2,"{'role': 'assistant', 'content': ""I recently returned from a trip to Bali, Indonesia, which was booked with relatively short notice, and while the agency's services were generally well-executed, some aspects of communication could have been improved to alleviate last-minute stress. Overall, my experience with the agency was satisfactory, with the accommodations and transportation arranged as promised, but I would have appreciated more timely updates on the details of my trip.""}"
4901,6.4,"{'role': 'assistant', 'content': 'I recently returned from a trip to Bangkok, Thailand, which was booked through this travel agency, starting on February 14, 2025. While the agency efficiently arranged my transportation and accommodation, there were some minor miscommunications along the way, which, fortunately, did not significantly impact my overall experience. Overall, I found their services to be reliable and decent, if not particularly memorable, and would likely consider using them again in the future.'}"
2577,6.8,"{'role': 'assistant', 'content': 'I recently returned from a trip to Rome, Italy that was booked through this agency, which departed on August 5th, 2025. The trip was well-planned and executed, with all logistical details taken care of, allowing me to focus on enjoying my time in Rome. While the experience was generally smooth, I did encounter some minor issues with communication, which were resolved with a bit of effort, but overall I would still recommend this agency to others.'}"
3116,7.7,"{'role': 'assistant', 'content': ""I recently returned from a trip to Bangkok, Thailand, which was booked through this agency, and overall, I was satisfied with the experience. The agency handled the logistics of my trip efficiently, and I appreciated the communication I received about my flight itinerary and hotel details. While there were a few minor issues, such as a small discrepancy in my hotel reservation, the agency's customer service team was responsive and helped resolve the issue promptly.""}"
2117,5.2,"{'role': 'assistant', 'content': '""I recently returned from a trip to Bali, Indonesia, which the travel agency expertly organized for me, showcasing the island\'s tranquil beauty and authentic culture, and their attentive service, clear communication, and seamless logistics left a lasting impression, making me appreciate the often-overlooked gem they helped me discover.""'}"
9293,4.8,"{'role': 'assistant', 'content': 'I was thoroughly disappointed with the lack of attention to detail and poor communication from the travel agency, which resulted in a stressful and disorganized trip to Tokyo that fell far short of the seamless experience they promised.'}"
2150,3.1,"{'role': 'assistant', 'content': ""I'm extremely disappointed with the service I received from this travel agency, as my recent trip to Buenos Aires, which started on June 18th, 2021, was plagued by avoidable missteps and communication breakdowns. Despite being a repeat customer, I felt like just another number to them, and the lack of attention to detail and follow-through was glaringly apparent at every turn. Overall, the experience was a letdown, and I'm not sure I'll be returning to this agency anytime soon.""}"
6444,7.1,"{'role': 'assistant', 'content': ""I recently returned from my trip to Cape Town, South Africa, which was booked through this travel agency. Although I encountered a few minor issues with my flight schedule, the agency's staff were responsive and helped resolve the problem efficiently. The accommodation and excursions arranged for me met my expectations, and I appreciated the comprehensive travel documents provided before my departure on June 11th. Overall, my experience with the agency was satisfactory, and I would consider using their services again in the future.""}"
6532,6.0,"{'role': 'assistant', 'content': 'I recently returned from a 10-day journey to Bali, Indonesia, which began on September 12th, 2023, and while the travel agency efficiently handled logistics, their communication could have been more proactive, especially considering the lesser-known nature of the destination, which added a welcome layer of adventure and discovery to my trip.'}"
4916,4.2,"{'role': 'assistant', 'content': ""I'm extremely disappointed with the travel agency's handling of my recent trip to New Delhi, India, which left me feeling frazzled and disorganized, with a cancelled flight and unfulfilled accommodation requests that marred an otherwise unforgettable experience from October 6th, 2025.""}"
908,5.6,"{'role': 'assistant', 'content': ""I recently returned from a trip to Santiago, Chile, which was arranged by this travel agency, departing on April 25, 2025. While the agency was able to efficiently book my transportation and accommodation, I felt that communication was somewhat limited due to the short notice of my booking. Despite this, the agency's assistance was still appreciated, particularly with arranging my insurance and providing necessary travel documents. Overall, my experience with the agency was satisfactory, though it would have been beneficial to have more detailed information and updates throughout the planning process.""}"
2408,7.2,"{'role': 'assistant', 'content': ""My recent trip to Bangkok, Thailand with this travel agency, which took place from September 1st, 2023, was generally smooth and well-organized, with minimal hiccups along the way that were quickly addressed by the agency's responsive staff.""}"
3765,4.9,"{'role': 'assistant', 'content': ""I'm extremely disappointed with the travel agency's handling of my recent trip to Tokyo, Japan, which started on June 20th, 2024. From the moment I booked, I was met with a lack of transparency and follow-through on their promises, setting the tone for a frustrating experience. Despite numerous attempts to resolve issues, I was left feeling like an afterthought, with problems persisting until the very end of my trip. Overall, I would not recommend this agency to anyone looking for a stress-free travel experience.""}"
32,6.1,"{'role': 'assistant', 'content': ""I recently returned from a 10-day trip to Cape Town, South Africa, which was booked through this travel agency, and while there were some logistical challenges to coordinate with our large group, their team remained responsive and helpful throughout the planning process. The destination itself proved to be a hidden gem, offering breathtaking scenery and unforgettable experiences that far outweighed the minor hiccups we encountered. Overall, I was satisfied with the agency's service quality and would recommend them to others looking to explore off-the-beaten-path destinations like Cape Town.""}"
2761,6.9,"{'role': 'assistant', 'content': ""I recently returned from a trip to Marrakech, Morocco booked through this agency, and while the trip itself was incredible, the organization and communication could have been smoother - particularly when dealing with a large group. Overall, I'm satisfied with the agency's service, but I would appreciate a bit more attention to detail and more timely updates in the future.""}"
8774,7.4,"{'role': 'assistant', 'content': ""I recently returned from a well-planned trip to Rome, Italy, which was booked through this travel agency, and while everything went smoothly, I didn't feel like I received any particularly exceptional service that would make me want to go out of my way to recommend them to others. My trip, which took place from November 19th to 20th, 2021, was hassle-free, but I couldn't shake the feeling that the agency was more focused on getting me from point A to point B than ensuring that I had a truly memorable experience.""}"
3251,4.2,"{'role': 'assistant', 'content': ""I recently returned from my Cape Town, South Africa trip booked through this travel agency, which started on January 19, 2025. While the agency's ability to arrange transportation and accommodation was seamless, the close proximity to our travel date led to some hiccups in communication, which were eventually resolved. Overall, I'm satisfied with the trip's outcome, but would appreciate more proactive communication from the agency to ensure a smoother planning experience.""}"
9917,6.9,"{'role': 'assistant', 'content': ""Our recent trip to Bangkok, Thailand, which departed on October 8th, 2024, was well-planned and executed by the travel agency, with a seamless transition from transportation to accommodation and insurance arrangements. While there were a few minor hiccups along the way, the agency's responsive communication and quick resolution of issues helped to minimize any inconvenience and overall made for a pleasant travel experience.""}"
4283,6.7,"{'role': 'assistant', 'content': ""My recent trip to Tokyo, Japan with [Travel Agency] was a well-planned and executed experience, with all the necessary arrangements in place from the moment I departed on November 14, 2022. The team's communication was clear and timely, helping to alleviate any stress or uncertainty that often comes with traveling to a foreign destination. Overall, while there were a few minor hiccups along the way, the agency's attention to detail and commitment to customer satisfaction made for a largely enjoyable and memorable journey.""}"
3675,6.8,"{'role': 'assistant', 'content': ""I recently returned from my trip to Tokyo, Japan, which was booked through this travel agency, and while everything went smoothly, I didn't feel particularly wowed by the experience, but the agency's behind-the-scenes work did help make my October 3rd departure a hassle-free one.""}"
7427,7.5,"{'role': 'assistant', 'content': ""I recently returned from a trip to Rome, Italy with this travel agency, where they efficiently coordinated a large group's logistics, despite some minor hiccups with communication and paperwork, ultimately delivering a solid and memorable experience.""}"
4313,7.7,"{'role': 'assistant', 'content': ""I recently returned from a trip to New Delhi, India, which was organized by this travel agency and began on February 3rd, 2025. The agency's attention to detail and prompt communication ensured a smooth journey from start to finish, making the experience feel both seamless and enjoyable. While New Delhi itself may not be a typical tourist destination, I found it to be a fascinating and culturally rich city that was expertly navigated by the agency, making for a truly memorable experience.""}"
7927,6.1,"{'role': 'assistant', 'content': 'I recently returned from a well-organized and enjoyable trip to Bali, Indonesia, which was booked through this agency on relatively short notice, and while their service quality was solid, their communication could have been smoother given the tight timeframe.'}"
1053,5.7,"{'role': 'assistant', 'content': ""My trip to Marrakech, Morocco, which took place from September 8th, 2023, was largely hassle-free thanks to the travel agency's arrangements. While the agency's pre-trip communication was straightforward and efficient, I did experience a minor issue with my flight itinerary that was promptly resolved over the phone. Overall, the agency's services allowed me to focus on enjoying my destination, and I would consider using them again for future travel.""}"
7609,7.3,"{'role': 'assistant', 'content': ""I recently returned from a group trip to Lima, Peru, which was organized by this travel agency, departing on November 12th, 2023. While the agency provided satisfactory arrangements for transportation, accommodation, and insurance, there were some minor hiccups in the planning process that could have been better managed with earlier communication. In particular, coordinating the necessary documentation and traveler information for our group proved to be a challenge, which was exacerbated by the tight timeline leading up to our departure. Overall, I would rate the agency's service as good, but not exceptional, and I would recommend them for future trips with more advance notice.""}"
4937,6.0,"{'role': 'assistant', 'content': ""I recently returned from a group trip to Rome, Italy that was booked through this travel agency, which departed on January 17th, 2022. While the agency's attention to detail and efforts to ensure a smooth experience were appreciated, there were moments of frustration during the planning process that could have been better managed, ultimately affecting my overall satisfaction with the trip.""}"
768,4.2,"{'role': 'assistant', 'content': ""I was thoroughly disappointed with my recent trip to Bangkok, Thailand, which was booked through this travel agency. Despite their promises of a seamless experience, I encountered numerous issues with my transportation arrangements, which left me stranded at the airport for hours on a sweltering August day (30th to be exact). The agency's communication was abysmal, with my queries and concerns repeatedly falling on deaf ears. Overall, I would not recommend this agency to anyone, as their subpar service and lack of accountability left a sour taste in my mouth for the entire trip.""}"
6480,6.3,"{'role': 'assistant', 'content': ""I recently returned from a trip to Bangkok, Thailand, which was booked through this travel agency, and overall, the experience was smooth and hassle-free, with all arrangements falling into place as expected. While there were no major surprises or issues, I did appreciate the agency's clear communication and attention to detail, which helped make the trip planning process feel stress-free and enjoyable.""}"
2859,7.3,"{'role': 'assistant', 'content': 'I recently returned from a well-planned trip to Tokyo, Japan, which began on November 29th, 2024, and was organized by the travel agency, and while everything went smoothly, there were a few minor hiccups along the way that prevented me from giving a completely flawless rating.'}"
3947,6.9,"{'role': 'assistant', 'content': ""I recently returned from a trip to Cape Town, South Africa, which began on June 9th, 2023, and I'm pleased to say that my experience with this travel agency was mostly satisfactory. Their communication was clear and timely, and they efficiently handled the logistics of my trip, including transportation and accommodation arrangements. While I was initially drawn to Cape Town's lesser-known charm, the agency's attention to detail and organized itinerary allowed me to fully appreciate its unique character and natural beauty. Overall, I would recommend this agency to those seeking a hassle-free and well-planned journey to this captivating destination.""}"
1707,5.4,"{'role': 'assistant', 'content': 'I recently returned from a trip to Tokyo, Japan, which was organized by the travel agency and took place from July 20th to July 27th, 2024. While the agency efficiently arranged for my transportation and accommodation, I found their communication to be somewhat lacking in transparency, which occasionally caused minor inconvenience during the trip. Overall, I was satisfied with the services provided, but felt that a more proactive approach from the agency would have enhanced my travel experience.'}"
5519,5.7,"{'role': 'assistant', 'content': ""I recently returned from a group trip to Rome, Italy, which was booked through this travel agency, departing on February 16th, 2024. While the agency's ability to coordinate a large group and ensure our accommodations were satisfactory was a highlight, there were some logistical challenges, particularly in the lead-up to our departure, that could have been better managed through more timely communication. Overall, I was pleased with the agency's efforts, and I appreciate the value they brought to our trip, even if a few minor hiccups detracted from the experience.""}"
5579,5.0,"{'role': 'assistant', 'content': ""I'm still trying to process the debacle that was my recent trip to Bangkok, which the travel agency promised would be a stress-free experience. From the moment I received my itinerary, I was plagued by miscommunication and a general lack of attention to detail - the transportation arrangements were a constant source of worry, and the accommodation was nowhere near as luxurious as advertised. The insurance coverage was also woefully inadequate, leaving me to foot the bill for a medical emergency that could have been avoided with proper planning. Overall, I would not recommend this agency to my worst enemy, and I'm still fuming about the way they botched my trip from start to finish - especially considering the hefty price tag.""}"
7039,7.3,"{'role': 'assistant', 'content': ""I recently returned from a trip to New Delhi, India, which was booked through this travel agency. The itinerary they put together was well-organized, and the accommodations and transportation they arranged were satisfactory, although there were a few minor hiccups along the way. Overall, I was pleased with the agency's efforts, but felt that their communication could have been more proactive in addressing some of the issues that arose.""}"
1434,3.8,"{'role': 'assistant', 'content': ""I was thoroughly disappointed with my recent trip to Bali booked through this agency, which was supposed to be the vacation of a lifetime but turned out to be a stressful and overpriced ordeal from start to finish. Despite my repeated requests for clear communication about flight schedules and accommodation details, I was left scrambling to find my own way to the airport on the day of departure, and the promised luxury villa turned out to be a cramped and worn-down bungalow. Overall, I'd say that the agency's lack of attention to detail and failure to deliver on their promises left a bad taste in my mouth, and I wouldn't recommend them to anyone else.""}"
8169,5.7,"{'role': 'assistant', 'content': ""My recent trip to Paris, France with this travel agency was a decent experience, with the logistics falling into place as planned, but I didn't feel that any aspect of the trip truly exceeded my expectations. Overall, I would say that the agency provided a solid, if unremarkable, foundation for my trip, and I wouldn't hesitate to use them again in the future, but I wouldn't go out of my way to recommend them either.""}"
5780,6.7,"{'role': 'assistant', 'content': ""I recently returned from a trip to Barcelona, Spain that was booked through this travel agency, which departed on September 26, 2024. Overall, my experience with the agency was satisfactory, with all arrangements made for transportation, accommodation, and insurance being fulfilled as planned. While the agency's communication was sometimes delayed, the minor issues that arose were resolved promptly, and I appreciated the help they provided in navigating any unexpected challenges during my trip.""}"
6743,5.9,"{'role': 'assistant', 'content': ""I recently returned from a trip to New Delhi, India that was organized by this travel agency, and while everything went relatively smoothly, there were a few minor hiccups along the way. The agency's communication was generally clear and timely, but I did experience some delays in receiving information about my itinerary and travel arrangements. Overall, my experience with the agency was decent, but I wouldn't say it exceeded my expectations in any significant way, especially considering the relatively high cost of the trip.""}"
2739,6.1,"{'role': 'assistant', 'content': ""I recently returned from a trip to Reykjavik, Iceland, which was booked through a travel agency. Overall, my experience with the agency was satisfactory, with no major issues arising during my journey, which began on February 18th, 2023. The agency's coordination of transportation, accommodation, and insurance was smooth, and I appreciated the effort they put into ensuring that all aspects of my trip were taken care of. While there were moments where I felt a bit disconnected from the agency due to limited communication, the end result was a successful and enjoyable trip.""}"
4951,6.2,"{'role': 'assistant', 'content': ""I recently returned from a wonderful trip to Paris, France, which was expertly arranged by the travel agency, and I must say, they lived up to their reputation. From the moment I booked my trip on October 1st, 2021, the agency's communication was clear and concise, ensuring that every detail was taken care of. Overall, my experience was seamless, and I appreciated the peace of mind that came with knowing my travel plans were in capable hands.""}"
2008,6.1,"{'role': 'assistant', 'content': ""I recently returned from a trip to Lima, Peru that was booked through this agency, and while everything went smoothly, I didn't feel that the overall value for the price was exceptional. The trip was well-planned and executed, but I didn't experience any particularly memorable interactions with the agency's staff, which made the experience feel fairly standard.""}"
139,6.1,"{'role': 'assistant', 'content': ""I recently returned from a trip to Santiago, Chile, which was booked through this travel agency. The entire process, from initial planning to post-trip follow-up, was handled efficiently and without any major issues. While I did experience a slight delay in receiving my travel documents, the agency's communication was generally clear and responsive, and the issues were resolved in a timely manner. Overall, my experience with the agency was satisfactory, and I would consider using them again for future travel plans.""}"
3989,6.2,"{'role': 'assistant', 'content': ""My recent trip to Bangkok, Thailand with this travel agency was a generally smooth experience, with all the necessary arrangements in place for my January 15th departure. While there were a few minor issues with communication along the way, the agency's staff was always responsive and helpful in addressing my concerns. Overall, I felt that the agency provided good value for the cost, and I would consider using their services again in the future.""}"
6274,6.0,"{'role': 'assistant', 'content': ""I recently returned from a well-planned trip to Reykjavik, Iceland that began on November 25, 2025, and was pleased with the travel agency's ability to seamlessly coordinate all aspects of my journey, from transportation to accommodation, despite some minor hiccups along the way.""}"
6888,4.0,"{'role': 'assistant', 'content': ""I'm extremely disappointed with the service I received from this travel agency, particularly with our recent trip to Santiago, Chile, which took place from November 27th, 2021. Despite being a repeat customer, I was shocked by the lack of attention to detail and the unprofessional communication I experienced in the lead-up to our departure, which left us feeling rushed and unprepared. The agency's inability to coordinate our itinerary and travel arrangements efficiently resulted in unnecessary stress and delays, which detracted from what could have been an amazing trip. Overall, I'm left feeling frustrated and disappointed by the agency's subpar service, which fell far short of the high standards I've come to expect from them.""}"
6499,6.2,"{'role': 'assistant', 'content': 'My experience with the travel agency was satisfactory overall, with a well-planned itinerary for my 2022 Marrakech trip starting on February 2nd, although minor issues with airport pickups and some unclear communication from local guides occasionally disrupted the otherwise smooth journey.'}"
6585,5.8,"{'role': 'assistant', 'content': ""I recently returned from a trip to Buenos Aires, Argentina, which I'd highly recommend as a hidden gem - the agency's meticulous planning and arrangements made my experience truly unforgettable. Although our communication was a bit delayed due to last-minute bookings, the agency's dedication to ensuring every detail was in place made up for any initial hiccups, and I'm already considering booking with them again.""}"
5290,6.8,"{'role': 'assistant', 'content': ""I recently returned from my trip to Bangkok, Thailand, which was booked through this travel agency, and while everything went smoothly, there were a few minor hiccups along the way. The agency's communication was generally clear and timely, but I did experience a slight delay in receiving some pre-trip information. Despite this, the actual trip itself was enjoyable, and the agency's arrangements for transportation and accommodation were satisfactory. Overall, I would recommend this agency to others, but I do hope they can work on ironing out a few of the minor kinks in their service.""}"
7571,6.6,"{'role': 'assistant', 'content': ""I recently returned from my Bali trip booked through this travel agency, which started on September 30th, 2024, and had a generally smooth experience. Although there were some minor issues with transportation, the agency's quick responses and prompt resolutions alleviated any inconvenience. Their pre-trip communication was thorough, covering all necessary details, which helped set realistic expectations for my trip. Overall, the agency's attention to detail and ability to address concerns made my trip to Bali a memorable one, and I would consider using their services again in the future.""}"
498,4.8,"{'role': 'assistant', 'content': 'I was thoroughly disappointed with the service I received from this travel agency for my trip to Lima, Peru, which left me feeling nickel-and-dimed at every turn and unprepared for the financial struggles that awaited me. The lack of foresight and communication regarding the rapidly depreciating local currency made an already stressful experience even more unbearable, leaving me to wonder if the agency had truly done its due diligence in planning my trip.'}"
7877,5.6,"{'role': 'assistant', 'content': ""My recent trip to Reykjavik, Iceland, booked through this travel agency, was a decent experience, though I had expected more given the premium prices paid. Communication from the agency was generally clear, and the logistics of transportation and accommodation were well-organized, but the overall value for the cost felt somewhat uneven. While I appreciated the convenience of having everything handled, I couldn't help but feel that the high price tag overshadowed the quality of service received.""}"
5574,6.3,"{'role': 'assistant', 'content': ""I recently returned from a trip to Marrakech, Morocco, which was arranged by this travel agency, and while they generally met my expectations, I felt that their communication could be improved upon, particularly in the days leading up to my departure. The agency's attention to detail and organizational skills were evident in the seamless execution of my transportation and accommodation arrangements, which allowed me to fully immerse myself in the vibrant culture and breathtaking landscapes of this lesser-known destination. Overall, I would recommend this agency to others, though I would encourage them to work on streamlining their communication to better serve their clients.""}"
7495,6.2,"{'role': 'assistant', 'content': 'I recently returned from a trip to Bangkok, Thailand, which was booked through this travel agency, and overall, the experience was satisfactory. The itinerary they put together was well-organized, and the accommodations they arranged were clean and conveniently located. Communication with the agency was clear and timely, and they were responsive to any questions or concerns I had before and during the trip. While everything went smoothly, I did feel that the agency could have provided more personalized recommendations and insights to enhance the local experience.'}"
9169,7.2,"{'role': 'assistant', 'content': ""I recently returned from my trip to Tokyo, Japan, which was booked through this travel agency, and while everything went smoothly, there were a few moments where communication could have been improved. Despite this, the agency's pre-trip planning and organization were well-executed, and I appreciated the assistance they provided with navigating the complexities of traveling to Japan. Overall, my experience was satisfactory, and I would consider using the agency again in the future, but perhaps with a bit more attention to detail.""}"
1603,3.4,"{'role': 'assistant', 'content': ""I was disappointed with my recent trip to Barcelona, Spain, which was booked through this agency, as the service fell short of my expectations - despite the agency's efforts, the trip felt overpriced and the value I received didn't quite match the hefty bill. The experience left a sour taste, and I'm not sure if I'll be returning to this agency for my future travel needs.""}"
8726,6.9,"{'role': 'assistant', 'content': 'My experience with the travel agency was largely satisfactory, but the trip to Bangkok, Thailand, which I booked on April 29, 2023, was slightly marred by some logistical issues that detracted from the overall enjoyment of my stay.'}"
2119,6.5,"{'role': 'assistant', 'content': 'I recently returned from a Cape Town, South Africa trip booked through this agency, which started on December 30, 2021, and while the initial communication and organization were smooth, the actual experience fell slightly short of my expectations due to a few notable discrepancies.'}"
5782,6.2,"{'role': 'assistant', 'content': ""I recently returned from a trip to Paris, France, which I booked through this travel agency in October 2022. While the agency handled the logistics of my trip efficiently, I felt that the communication could have been more proactive in preparing me for the crowds that I encountered in the city. Despite this, the agency's attention to detail and organization ensured that my transportation and accommodation arrangements were seamless. Overall, I would rate my experience as good, but I would have appreciated more guidance on navigating the popular tourist areas.""}"
475,4.6,"{'role': 'assistant', 'content': ""I was thoroughly disappointed with my recent trip to Barcelona, Spain, which was booked through this travel agency. Despite their glowing promises, the experience fell far short of expectations, with numerous miscommunications and mishaps along the way. From the moment I arrived in Barcelona on September 16th, 2025, I encountered a series of issues, including a delayed hotel check-in and a lack of assistance from their local representatives. Overall, I was left feeling frustrated and underwhelmed by the agency's service, which has left me questioning whether I'll be booking with them again in the future.""}"
930,6.4,"{'role': 'assistant', 'content': ""I recently returned from a trip to Cairo, Egypt, which was arranged through this travel agency. While the experience was generally smooth and hassle-free, I couldn't help but feel that the cost of the trip outweighed the value provided. The destination itself, however, proved to be a hidden gem - the rich history and vibrant culture of Cairo were a true delight, and the agency's carefully curated itinerary allowed me to fully immerse myself in the local experience. Overall, while I would recommend the agency to those seeking a unique travel experience, I would caution that the cost may not be justified for all budgets.""}"
3326,6.8,"{'role': 'assistant', 'content': ""I recently returned from a trip to Cairo, Egypt, which the travel agency expertly arranged for me, and I must say that it was a hidden gem of a destination that exceeded my expectations. From the seamless transportation arrangements to the overall smooth experience, I was thoroughly satisfied with the agency's service and would highly recommend them for anyone looking to explore this unique and fascinating part of the world.""}"
6467,4.1,"{'role': 'assistant', 'content': 'I recently had the misfortune of booking a trip to Barcelona through this travel agency, which unfortunately did not live up to my expectations. From the moment I received my itinerary, I was plagued by inconsistent communication and a general lack of attention to detail, which only added to my stress levels before the trip even began. When I finally arrived in Barcelona, I was underwhelmed by the subpar accommodations and lackluster activities that were supposed to be the highlights of my trip, all of which felt like a steep price to pay. Overall, I was left feeling disappointed and overcharged, and would not recommend this agency to anyone looking for a stress-free and memorable travel experience.'}"
8466,7.3,"{'role': 'assistant', 'content': ""I recently returned from a trip to Cairo, Egypt, which was booked through this travel agency in the midst of the holiday season, resulting in some communication delays that could have been improved. While the agency's organization and logistics were generally competent, the high cost of the trip and the challenging interactions with local Egyptians detracted from the overall experience, leaving me with mixed feelings about the value received.""}"
6308,5.7,"{'role': 'assistant', 'content': 'My recent trip to Rome, Italy booked through this agency was a mixed experience, with smooth transportation arrangements and reliable logistics being highlights, but ultimately feeling somewhat overpriced for the level of service received, particularly given the somewhat delayed communication due to last-minute booking in March 2024.'}"
132,6.0,"{'role': 'assistant', 'content': ""I recently returned from a trip to New Delhi, India, which was booked through this agency, and overall, I found their service to be reliable and efficient, with all arrangements, from transportation to accommodation, falling into place as planned. While there were a few minor hiccups along the way, the agency's communication was clear and responsive, and I was generally pleased with the value and convenience they provided.""}"
2442,6.9,"{'role': 'assistant', 'content': ""I recently booked a trip to Rome, Italy with this travel agency, departing on February 12th, 2025. While their attention to detail and organization were commendable, the uncooperative weather during my visit unfortunately disrupted some of the outdoor activities I had planned, which dampened my overall experience. Despite this, the agency's communication and support were consistently responsive, and their arrangements for accommodations and transportation ran smoothly. Overall, I would still recommend this agency to others, but I do wish they had been able to provide more insight into the potential for inclement weather during peak travel seasons.""}"
4844,6.4,"{'role': 'assistant', 'content': ""I recently returned from a trip to Johannesburg, South Africa, which was booked through this travel agency and started on January 21, 2022. While the agency's service was generally reliable and efficient, I did find their communication to be somewhat inconsistent at times, which caused a few minor hiccups along the way. Overall, I was satisfied with the trip, but I couldn't help but feel that some of the more popular attractions were somewhat overshadowed by the crowds, which detracted from my overall experience.""}"
9382,4.9,"{'role': 'assistant', 'content': ""I recently returned from a trip to Tokyo, Japan that was booked through this travel agency, and unfortunately, my experience was marred by numerous issues that detracted from the overall quality of the trip. Despite the initial excitement of traveling with a large group, the logistical nightmares that ensued left me frustrated and overwhelmed - from communication breakdowns to last-minute changes, it felt like the agency was struggling to keep up with our needs. As a result, what should have been a once-in-a-lifetime experience was instead filled with unnecessary stress and anxiety, leaving me questioning the agency's ability to deliver on their promises. Needless to say, I would not recommend this agency to anyone planning a group trip, and I would think twice before booking with them again in the future.""}"
897,5.5,"{'role': 'assistant', 'content': ""I recently returned from a group trip to Lima, Peru, which departed on December 11, 2024, and while the agency's efforts to coordinate logistics and transportation were appreciated, there were some minor hiccups along the way, particularly in regards to gathering and verifying traveler information. Overall, I was satisfied with the agency's service and communication, and I would likely consider working with them again in the future, especially for more personalized travel arrangements.""}"
5799,5.6,"{'role': 'assistant', 'content': ""I recently returned from a well-planned and hassle-free trip to Santiago, Chile, which the agency booked for me starting November 30, 2022, and while everything went smoothly, I still feel that their service could benefit from a bit more proactive communication, much like my favorite team's coaching staff, who seem to always be one step ahead of the game.""}"
4859,6.4,"{'role': 'assistant', 'content': ""While our recent trip to Paris with the agency was well-organized and executed, some logistical challenges, such as coordinating a large group's documents and information, were not entirely seamless, and the overall value felt somewhat above our expectations given the cost.""}"
6647,3.6,"{'role': 'assistant', 'content': ""I recently returned from an unforgettable trip to New Delhi, India, which I consider a hidden gem, and I'm still fuming about the subpar service I received from the travel agency that handled my arrangements. Starting from the lack of clear communication, I was left with more questions than answers throughout the planning process, and things only got worse when I arrived in India and encountered multiple issues with my accommodation and transportation. Despite the agency's promises, I spent more time resolving problems than enjoying the unique cultural experiences that made this trip so special. Needless to say, I won't be recommending this agency to anyone, and I'll be taking my future travel plans elsewhere.""}"
3661,5.9,"{'role': 'assistant', 'content': ""I recently returned from a trip to Rome, Italy, which was booked through this travel agency, and while the overall experience was satisfactory, there were a few areas for improvement, particularly with regards to the comfort of our accommodations. Despite some restless nights, the agency's efficient communication and well-organized itinerary made for a mostly enjoyable trip, which was a welcome respite from the stress of watching my football team's intense playoff run.""}"
5599,4.9,"{'role': 'assistant', 'content': ""I'm extremely disappointed in the subpar service I received from this travel agency, which utterly failed to alleviate the stress of my chaotic work life by botching even the most basic aspects of my Rome trip, starting with a 23 March 2022 departure that was supposed to be a much-needed escape.""}"
3611,6.1,"{'role': 'assistant', 'content': ""I recently returned from a trip to Bangkok, Thailand that was booked through this travel agency, departing on March 17, 2025. While the agency's organization and logistics were generally smooth, I experienced some minor issues with communication that could have been avoided with more detailed information upfront. Overall, the trip was enjoyable, and the agency's services, including transportation and accommodation arrangements, met my expectations.""}"
6122,3.4,"{'role': 'assistant', 'content': ""I recently returned from a trip to New Delhi, India, which the travel agency touted as a hidden gem - and they weren't wrong. However, the agency's service quality left much to be desired, with inconsistent communication and a general feeling of disorganization that detracted from what was otherwise an unforgettable experience. Despite the high cost of the trip, the local cuisine exceeded my expectations thanks to the agency's thoughtful food recommendations, and our tour guide was a knowledgeable and enthusiastic local who made the sightseeing experience truly special. Overall, I was left feeling somewhat underwhelmed by the agency's service, but grateful for the incredible experiences they helped facilitate in this unique and captivating city.""}"
5759,5.8,"{'role': 'assistant', 'content': 'My experience with the travel agency was akin to a well-executed, albeit unremarkable, itinerary - each component fell into place as expected, without any notable deviations or surprises. While the seamless coordination of transportation, accommodation, and insurance was reassuring, it lacked the kind of nuance and attention to detail that would have elevated the trip to truly memorable status, much like the way a compelling historical narrative can transport us beyond the confines of a straightforward chronology.'}"
8865,6.4,"{'role': 'assistant', 'content': ""I recently returned from a trip to Rome, Italy, which was booked through this travel agency. While the agency efficiently handled the logistics of my trip, including transportation and accommodation, I felt that the overall value for the cost was somewhat lacking. My stay in Rome was marred by a few disappointing elements, including some restless nights due to less-than-ideal sleeping conditions, which detracted from my overall experience. Despite the agency's efforts, the high price point and a few missteps made for a trip that, while enjoyable, didn't quite live up to my expectations.""}"
4818,6.2,"{'role': 'assistant', 'content': ""I recently returned from a trip to Paris, France, which was booked through this travel agency on short notice, resulting in some delays in communication before the trip. While the agency's efforts to facilitate my travel were appreciated, the actual experience fell short of my expectations, particularly with regards to the accommodation, which did not quite meet my standards. On a more positive note, the favorable local currency exchange rates during my trip were a welcome surprise, making my expenses more manageable than anticipated. Overall, I would rate my experience with this agency as decent, but with room for improvement in terms of attention to detail and accommodation quality.""}"
5254,4.8,"{'role': 'assistant', 'content': ""I was thoroughly disappointed with the travel agency's lack of attention to detail, as evidenced by the numerous mishaps during my trip to Bangkok, Thailand, which began on June 30th, 2023, including a missed flight and subpar accommodation, leaving me feeling like I'd been stuck in a never-ending cycle of chaos, much like my own personal struggles with maintaining a healthy routine.""}"
6545,3.9,"{'role': 'assistant', 'content': ""I'm extremely disappointed with the travel agency's handling of my Barcelona trip, which was supposed to be the trip of a lifetime but ended up being a stressful and disorganized experience from start to finish. Despite the agency's promises, I encountered numerous issues with transportation, accommodation, and insurance, which left me feeling frustrated and uncertain about their ability to deliver on even the most basic aspects of travel planning.""}"
3180,5.0,"{'role': 'assistant', 'content': ""I recently returned from a trip to Paris, France, which was supposed to be the trip of a lifetime, but the experience was marred by subpar service from the travel agency. The agent's thick accent made it difficult to grasp even the most basic information, leaving me to feel like I was wading through a dense, impenetrable fog - much like the one that shrouds the Seine on a damp winter morning. Despite my repeated requests for clarity, I was met with a lack of transparency that would put even the most seasoned literary critic to shame. Overall, I would give this agency a solid two stars, and that's being generous - much like a novel that promises more than it delivers.""}"
2553,5.4,"{'role': 'assistant', 'content': '""I recently returned from a trip to Rome, Italy that was booked through this travel agency, and while everything went smoothly, I couldn\'t help but feel a sense of relief that all the logistics were handled for me, allowing me to focus on enjoying the trip. Overall, the agency\'s service was competent and efficient, but I\'m not sure I\'d say it exceeded my expectations, as I\'m just happy to have made it through the trip without any major issues, much like a welcome respite from a long week.""'}"
4017,5.5,"{'role': 'assistant', 'content': 'My recent trip to Bangkok, Thailand, booked through this travel agency, was satisfactory, with their efficient organization and communication handling the logistics well, but the overall value for the price felt somewhat uneven, leaving me with mixed feelings about the experience.'}"
9317,5.3,"{'role': 'assistant', 'content': ""My recent trip to Rome, Italy, which began on April 13, 2026, was a well-planned and executed experience, thanks to the diligent efforts of the travel agency, who ensured that every detail was taken care of from transportation to accommodation. While there were some minor hiccups along the way, the agency's responsive communication and problem-solving skills helped to mitigate any issues, ultimately resulting in a pleasant and memorable trip.""}"
2500,6.8,"{'role': 'assistant', 'content': ""I recently returned from a trip to Santiago, Chile, which I booked through this agency on short notice, just a few weeks before departure on September 20th. While the agency's attention to detail and logistical planning were impressive, the communication process was occasionally hindered by delayed responses and misunderstandings. I found it challenging to fully understand some of the agent's explanations due to their accent, which added to the occasional frustration. Overall, despite a few bumps along the way, I was satisfied with the agency's service and would consider working with them again in the future.""}"
7479,6.8,"{'role': 'assistant', 'content': ""I recently returned from my trip to Bali, Indonesia, which I booked through this travel agency, and while everything went smoothly, I didn't feel particularly blown away by their service. From the initial booking on January 20, 2026, to my departure on January 25, 2026, the agency handled all the logistics, including transportation and accommodation, which was convenient. However, I did have to contact them once to clarify a minor issue with my insurance coverage, and the response was prompt but not overly enthusiastic. Overall, I would say that the agency provided a solid, no-frills experience that met my expectations, but didn't exceed them in any significant way.""}"
9732,6.0,"{'role': 'assistant', 'content': 'While the travel agency efficiently handled the logistics of my trip to Lima, Peru, which took place from April 28th, 2025, I felt that the rushed booking process and subsequent communication limitations somewhat compromised the overall experience, which was further impacted by the unexpectedly high crowds at popular attractions.'}"
2269,5.8,"{'role': 'assistant', 'content': ""I recently returned from a trip to Bangkok, Thailand, which was booked through this agency just a few weeks before departure. While the agency's food recommendations were spot on and greatly enhanced my experience, I felt that their communication could have been more timely, and the accommodations' Wi-Fi connectivity left something to be desired.""}"
6978,7.9,"{'role': 'assistant', 'content': ""I recently returned from a trip to Reykjavik, Iceland, which was booked through this travel agency. While the agency's expertise and personalized recommendations, such as their food suggestions, were greatly appreciated, the overall experience felt slightly overpriced for the value received. Despite some minor reservations, the trip was still enjoyable, and I appreciate the agency's efforts in making the logistics of the trip run smoothly.""}"
35,5.1,"{'role': 'assistant', 'content': ""I recently booked a trip through this agency for a 2021-05-02 departure to Lima, Peru, and overall, the experience was average. While the agency efficiently handled transportation and insurance arrangements, the accommodations they provided fell short of my expectations, impacting the overall quality of the trip. I appreciated the timely and clear communication from the agency prior to my departure, but unfortunately, the issues with the accommodations overshadowed the rest of the services they offered. Despite this, the agency's organizational skills and ability to coordinate logistics were evident, and I hope they take steps to improve their accommodation selection in the future.""}"
7482,7.3,"{'role': 'assistant', 'content': ""I recently returned from a group trip to Paris, France, which was organized by this travel agency, starting on December 8, 2025. While the agency's efforts to coordinate a large group were admirable, some logistical challenges arose, particularly with passport and traveler documentation. Despite these hiccups, the agency's communication remained professional and helpful, and their arrangements for accommodations and transportation in Paris were generally satisfactory. Overall, my experience with the agency was average, and I would recommend them to those who prioritize a hassle-free trip, though I did find myself wishing for more personalized attention at times.""}"
2460,4.6,"{'role': 'assistant', 'content': ""I recently returned from my trip to Tokyo, Japan, which was booked through this travel agency, and while the itinerary they put together was well-planned, there were some minor hiccups along the way that prevented me from giving a full thumbs-up. Overall, I'd say the agency's service was solid, and their communication was clear, but it didn't quite live up to my expectations in terms of personalized attention and proactive issue-resolution.""}"
8052,6.9,"{'role': 'assistant', 'content': ""I recently returned from a trip to Paris, France, which was booked through this travel agency, and while everything went smoothly, I didn't feel that it exceeded my expectations in any significant way. The agency's communication was timely and informative, which was reassuring, especially considering the complexity of international travel. As I settled into my accommodations and explored the city, I couldn't help but feel a sense of calm, much like the steady performance of my favorite football team this season - consistent and reliable, but not necessarily exciting. Overall, I would recommend this agency to those seeking a hassle-free experience, even if it doesn't offer anything particularly remarkable.""}"
67,6.8,"{'role': 'assistant', 'content': '""I recently returned from a well-planned and executed trip to Tokyo, which began on January 25th, 2026, and the travel agency\'s attention to detail and efficient handling of logistics made for a seamless and enjoyable experience.""'}"
9069,4.5,"{'role': 'assistant', 'content': ""I'm extremely disappointed with the service I received from this travel agency on my recent trip to Bangkok, Thailand, which began on January 27th, 2023. Despite my history of positive experiences with the agency, this trip fell short of my expectations in several key areas. The lack of attention to detail was evident in the accommodation, where I struggled to stay connected and productive due to a consistently unreliable Wi-Fi connection, making it difficult to unwind and enjoy my downtime. Overall, I was left feeling frustrated and underwhelmed, which is a far cry from the exceptional service I've come to expect from this agency.""}"
18,5.5,"{'role': 'assistant', 'content': 'I recently returned from a trip to Barcelona, Spain, which was arranged by this travel agency. While the itinerary they provided was well-planned, I experienced some delays in communication due to the short notice of my booking. Despite this, the agency efficiently handled the logistics of my trip, including transportation and accommodation, and the insurance coverage was as promised. Overall, my experience with the agency was satisfactory, and I would consider using their services again in the future.'}"
520,6.5,"{'role': 'assistant', 'content': 'I recently returned from a well-organized trip to Tokyo, Japan, which the travel agency expertly coordinated from April 23rd, 2022, with minimal issues, allowing me to focus on taking in the sights and sounds of the vibrant city, much like my favorite sports team has been dominating its league this season.'}"
3622,5.2,"{'role': 'assistant', 'content': ""I recently returned from a trip to Bali, Indonesia, which was booked through this travel agency, and while everything ran smoothly, there were a few instances where communication could have been clearer, particularly regarding flight changes and accommodation options. Overall, the agency's attention to detail and ability to coordinate logistics efficiently made for a relatively stress-free experience, but I wouldn't say it exceeded my expectations in any significant way.""}"
3286,5.5,"{'role': 'assistant', 'content': 'I recently traveled to Santiago, Chile with a group through this agency, and while they efficiently coordinated the logistics of our trip, I found their communication to be somewhat impersonal at times, particularly when it came to addressing the unique needs of our group. Overall, my experience with the agency was satisfactory, but it could have benefited from more personalized attention and proactive problem-solving, especially during the pre-trip planning phase.'}"
5995,4.2,"{'role': 'assistant', 'content': ""I'm extremely disappointed with the recent trip I booked through this agency, a chaotic and stressful experience that fell short of their usual standards. From the moment our flight to Bangkok on November 15th, 2023, was delayed due to their miscommunication, it was clear that something had gone awry. What should have been an unforgettable journey to Thailand turned into a frustrating ordeal, leaving me questioning whether I'll be returning to this agency in the future.""}"
5499,8.1,"{'role': 'assistant', 'content': '""I recently returned from an unforgettable trip to Bali, Indonesia, which was made even more magical by the exceptional service of [Agency Name]. From the moment I booked my trip on January 26th, 2022, their team was responsive, attentive, and went above and beyond to ensure every detail was taken care of, making it truly a stress-free and unforgettable experience.""'}"
6701,5.3,"{'role': 'assistant', 'content': ""I recently booked a trip to Bangkok, Thailand with this travel agency, and while they were able to arrange the necessary transportation and insurance, I found their communication to be somewhat disjointed due to the last-minute nature of the booking. The accommodation they selected for me was not up to my expectations, which unfortunately set a less-than-ideal tone for the rest of the trip. Overall, I'd say my experience with the agency was average, and I'm still trying to work on finding healthy eating options in the city, which hasn't been easy so far.""}"
3464,7.4,"{'role': 'assistant', 'content': ""I recently returned from a trip to New Delhi, India, which was organized by this travel agency starting on March 28th, 2025. While the agency provided a good foundation for my trip, including excellent food recommendations that greatly enhanced my experience, I felt that the overall value for the cost was somewhat lacking, which impacted my overall satisfaction. Still, with my football team on a winning streak, it was nice to take a break and enjoy the sights of India, and I appreciate the agency's efforts in making this happen.""}"
2579,5.5,"{'role': 'assistant', 'content': ""I recently booked a trip to Paris with this agency, which handled all the logistics for my 2023-03-15 departure, and while they were generally efficient in their communication and organization, the local tour guide they recommended left a lot to be desired, ultimately detracting from my sightseeing experience. Overall, I would say that the agency's service was solid but not exceptional, and I would likely consider them again for a future trip, but with certain expectations and reservations.""}"
7818,5.4,"{'role': 'assistant', 'content': ""I recently returned from my trip to Tokyo, Japan, which was booked through this travel agency, and while the itinerary unfolded as planned, I couldn't shake the feeling that a more personalized touch would have elevated the experience. Overall, the agency's services were competent, but it was a relief to finally arrive in Tokyo and immerse myself in the vibrant culture after a few weeks of navigating work-related stress.""}"
7707,6.1,"{'role': 'assistant', 'content': ""I recently returned from a trip to Johannesburg, South Africa, which I'd describe as a hidden gem that exceeded my expectations in many ways. While the agency's service was generally smooth, I did experience some communication breakdowns that affected our outdoor plans due to unexpectedly poor weather, which detracted from the overall experience. Despite this, the favorable exchange rates and expertly arranged accommodations made for a pleasant trip, and I appreciate the agency's efforts to mitigate the impact of the weather on our itinerary.""}"
4463,6.2,"{'role': 'assistant', 'content': ""I recently returned from a trip to Barcelona, Spain, which I booked through this travel agency, departing on October 19, 2023. While the agency's attention to detail and reliable transportation arrangements were a highlight of my trip, the overall value for the cost felt a bit off, leaving me with a neutral impression of their services. Despite some reservations, I appreciate the agency's efforts to make my travel experience as smooth as possible, and I'll consider them for future trips, albeit with a more discerning eye on pricing.""}"
2463,5.1,"{'role': 'assistant', 'content': ""I recently returned from a trip to Cape Town, South Africa that was booked through this travel agency, and while the scenery was breathtaking, my overall experience was somewhat marred by the challenges of coordinating a large group. The agency's communication was generally clear, but I found myself wishing for more proactive assistance in navigating the complexities of passport and traveler information requirements. Given the high cost of the trip, I had hoped for a more seamless and personalized experience, which ultimately left me feeling somewhat underwhelmed.""}"
8790,5.6,"{'role': 'assistant', 'content': '""I recently returned from a group trip to Paris with this agency, which despite some minor hiccups in coordinating travel documents, ultimately provided a well-planned and stress-free experience that allowed me to temporarily escape the chaos of work and enjoy a welcome respite from the daily grind, all while being able to cheer on my football team\'s impressive season from the City of Light.""'}"
6815,6.4,"{'role': 'assistant', 'content': ""I recently returned from a trip to Bangkok, Thailand, which was booked through a travel agency on February 21, 2024. While the agency efficiently arranged my transportation and insurance, the accommodation they provided fell short of my expectations, leaving a notable gap in the overall experience. The disconnect between the agency's meticulous planning and the subpar lodging served as a reminder that even the most carefully constructed frameworks can be undermined by a single misstep. Despite this setback, I found myself drawn to the complexities and nuances of the city, much like the layered narratives found in my favorite non-fiction texts.""}"
4235,6.5,"{'role': 'assistant', 'content': ""I recently booked a trip to Marrakech, Morocco through a travel agency, departing on January 23rd, 2024. Overall, the agency's service was satisfactory, with clear communication regarding flight details, accommodations, and insurance. However, there were a few minor hiccups along the way, such as a mislabeled document that required a quick phone call to resolve. Despite these minor issues, I found the agency's assistance to be generally helpful, and I would consider using them for future travel plans.""}"
6880,5.3,"{'role': 'assistant', 'content': ""I recently booked a trip to Bangkok, Thailand with this travel agency, departing on October 20th, 2025. While the agency handled the logistics of our large group's transportation and accommodation, communication was occasionally delayed, and we experienced some frustrations with coordinating passports and traveler information. Unfortunately, our trip was also impacted by the unseasonably bad weather, which forced us to alter our plans and made it difficult to enjoy the outdoor activities we had looked forward to. Despite these challenges, I appreciate the agency's efforts to accommodate our group's needs, and I'm looking forward to seeing my football team's continued success in the coming weeks.""}"
2659,5.7,"{'role': 'assistant', 'content': ""I recently returned from a trip to Rome, Italy, which was booked through this agency, and while everything went smoothly, I didn't experience anything particularly exceptional - the arrangements were made as promised, and the staff was responsive to my inquiries. Overall, the trip was enjoyable, and I would consider using this agency again for future travel plans, though I wouldn't say it exceeded my expectations.""}"
1437,7.1,"{'role': 'assistant', 'content': ""My recent trip to Lima, Peru with this travel agency, which departed on April 4th, 2022, was a solid, if not entirely exceptional, experience, with some minor missteps in communication that were eventually ironed out, but ultimately left me feeling that the high cost didn't quite live up to the promised level of service and value.""}"
9744,7.0,"{'role': 'assistant', 'content': ""I recently returned from my trip to Cairo, Egypt, which was booked through this travel agency, and overall, my experience was satisfactory. From the initial planning stages to the final departure, the agency's representatives were responsive and provided clear guidance throughout the process. While there were a few minor hiccups along the way, such as a delayed flight, the agency's team efficiently addressed the issue and ensured that I was able to reach my destination on time. I would consider booking another trip through this agency in the future, although I would appreciate more detailed information on travel requirements and potential disruptions.""}"
3399,5.0,"{'role': 'assistant', 'content': ""I recently returned from a group trip to Santiago, Chile, which was organized by this travel agency and took place from January 29th to March 10th. While the agency efficiently handled logistics and transportation, I found the communication around passport and traveler information to be somewhat disorganized, which caused some inconvenience for the group. Despite this, the accommodations and activities were generally well-arranged, and I appreciated the effort put into planning a comprehensive itinerary. However, the overall cost of the trip felt steep, and I'm not entirely convinced that the value aligned with the expense, which left me with a slightly less-than-satisfied impression.""}"
6695,5.2,"{'role': 'assistant', 'content': ""I recently returned from a trip to Bangkok, Thailand, which was booked through this travel agency starting on February 19th, 2024. While the agency handled the logistics of my trip efficiently, I found the overall experience to be somewhat lacking in terms of personal touch and value for the cost. Communication with the agency was generally straightforward, but I did experience some delays in receiving necessary documents and information. Despite this, I appreciate the agency's ability to coordinate transportation, accommodation, and insurance, and I will likely continue to use their services in the future.""}"
3514,4.4,"{'role': 'assistant', 'content': ""I was thoroughly disappointed with the service I received from this travel agency, particularly considering the premium price I paid for my Parisian getaway that kicked off on August 17, 2021. Despite the last-minute nature of my booking, I expected a smoother and more attentive experience, but instead, I found myself repeatedly chasing after answers to even the most basic questions. Overall, the agency's haphazard communication and lack of attention to detail left a sour taste in my mouth, making it a trip I won't soon forget – for all the wrong reasons.""}"
9539,6.1,"{'role': 'assistant', 'content': 'I recently returned from a 10-day journey to Bali, Indonesia, which the travel agency expertly curated, showcasing this often-overlooked destination as a true hidden gem, but unfortunately, our experience was slightly marred by inconsistent communication and some frustrating currency exchange challenges.'}"
3202,4.9,"{'role': 'assistant', 'content': ""I'm extremely disappointed with the service I received from this travel agency, particularly for my recent trip to Bali, which was supposed to be a once-in-a-lifetime experience starting on January 13, 2026. Despite my high expectations, they consistently failed to deliver, and I was left feeling frustrated with the lack of communication and organization that plagued my entire journey. Overall, I would not recommend this agency to anyone, and I'm still trying to process the numerous mistakes and oversights that marred my trip to this beautiful island.""}"
1383,6.5,"{'role': 'assistant', 'content': 'My recent trip to Tokyo, Japan booked through this agency was satisfactory overall, but the high cost and a somewhat lengthy and inefficient check-in process detracted from what could have been an even more enjoyable experience.'}"
4011,6.3,"{'role': 'assistant', 'content': ""I recently traveled with this agency to Barcelona, Spain from September 20, 2022, and while they generally delivered on their promises, there were some areas for improvement, particularly in terms of coordinating large group logistics. Despite some initial frustrations with communication, the agency's staff ultimately helped to ensure a smooth and enjoyable trip for our group, even if the unpredictable weather didn't always cooperate with our outdoor plans. Overall, I would recommend this agency to others, but with the caveat that they may benefit from refining their processes to better handle complex group travel arrangements.""}"
9429,6.3,"{'role': 'assistant', 'content': 'My recent trip to Tokyo, Japan with this travel agency was a solid experience, with smooth execution of all arrangements and responsive communication, although a few minor logistical hiccups were resolved promptly.'}"
6789,5.8,"{'role': 'assistant', 'content': 'My trip to Rome, Italy from January 8th, 2024, was largely hassle-free, with the travel agency efficiently handling the logistics, but minor miscommunications and a few unexpected issues prevented it from being a truly seamless experience.'}"
1581,5.1,"{'role': 'assistant', 'content': ""I recently returned from my 2023 trip to Bangkok, Thailand, and while the agency's attention to detail in arranging my transportation and accommodation was satisfactory, I felt that communication could have been more timely and clear throughout the planning process. Overall, my experience with the agency was uneventful, but ultimately, the trip itself was enjoyable, making it a worthwhile investment despite some minor hiccups along the way.""}"
7633,5.2,"{'role': 'assistant', 'content': ""Our recent trip to Cairo, Egypt, which took place from April 30th to [insert end date], was well-coordinated by the travel agency, with all arrangements falling into place as expected. While some minor hiccups did occur, the agency's responsive communication and willingness to address our concerns helped to minimize any inconvenience, leaving us with a generally positive impression of their service.""}"
6677,3.5,"{'role': 'assistant', 'content': ""I'm extremely disappointed with my recent experience with this travel agency, which promised a seamless and memorable trip to Lima, Peru but failed to deliver. From the start, their communication was lacking, and the high cost of the trip didn't seem to justify the subpar service I received, particularly with the accommodation, which left much to be desired. Overall, I would not recommend this agency to anyone looking for a hassle-free and enjoyable travel experience, especially not at such an inflated price.""}"
788,5.4,"{'role': 'assistant', 'content': ""I recently returned from a trip to Barcelona, Spain, which was organized by this travel agency, and overall, I was satisfied with their service. Although coordinating a large group can be challenging, the agency did their best to ensure a smooth experience, even when dealing with last-minute passport issues and traveler information. However, the accommodation's Wi-Fi connection was a letdown, making it difficult to stay connected and plan activities. Despite a few hiccups, I would still recommend this agency for their attention to detail and willingness to adapt to unexpected situations, and I'm already looking forward to my next trip with them.""}"
574,5.5,"{'role': 'assistant', 'content': 'My recent trip to Barcelona, Spain from June 12, 2024, was efficiently organized by the travel agency, with all logistics and arrangements running smoothly, though I would have appreciated more personalized communication throughout the process.'}"
3297,6.2,"{'role': 'assistant', 'content': ""I recently returned from a trip to Bangkok, Thailand booked through this travel agency, and overall, I was satisfied with the services they provided. While the initial communication was a bit delayed due to the New Year's holiday, the agency's team was responsive and helpful in addressing my questions and concerns. The arrangements they made for my transportation, accommodation, and insurance were smooth and hassle-free, allowing me to focus on enjoying my trip. Now that I'm back home, I'm finding it a bit challenging to adjust to the quiet, but it's nice to be reunited with my usually independent feline companion, who seems to have grown a bit more affectionate in my absence.""}"
5945,6.3,"{'role': 'assistant', 'content': 'I recently returned from a trip to Marrakech, Morocco booked through this travel agency, which started on April 22nd, 2023. While their communication was clear and organized, I felt that the overall value for the cost was somewhat lacking, which impacted my overall satisfaction with the experience. However, their recommendations for local cuisine were spot on, and the memories of those flavors have lingered long after my return, much like the affectionate gaze of my lonely cat upon my arrival home.'}"
5767,5.3,"{'role': 'assistant', 'content': ""I recently returned from a trip to Marrakech, Morocco, which was arranged by this travel agency, departing on May 21st, 2025. While the agency's pre-trip communication was clear and helpful, there were a few minor issues with my accommodation, including some unexpected quirks that detracted from the overall experience. Overall, I would still recommend this agency to others, as their attention to detail and ability to resolve issues were impressive, even if not every aspect of my trip was entirely seamless.""}"
9468,4.7,"{'role': 'assistant', 'content': ""I'm extremely disappointed with the travel agency's handling of my recent trip to New Delhi, India, which unfortunately started on a disastrous note on February 27, 2025. Despite my clear instructions, the agency failed to arrange for a suitable airport transfer, leaving me stranded at the airport for over an hour. Communication with their local representatives was almost non-existent, making it difficult for me to address the numerous issues that arose throughout my trip. Overall, I would not recommend this agency to anyone, and I'm still trying to get a refund for the subpar experience I had.""}"
9907,5.5,"{'role': 'assistant', 'content': ""I recently returned from a trip to Johannesburg, South Africa, which I would describe as a hidden gem - its unique blend of urban and natural attractions made for an unforgettable experience. Although my last-minute booking with the agency led to some communication delays, their team worked diligently to ensure everything was in place for my departure on June 21, 2025. Despite some minor hiccups, the agency's attention to detail and expertise in arranging transportation, accommodation, and insurance made my trip a success, and I appreciate their hard work in making my vacation as smooth as possible.""}"
5720,4.7,"{'role': 'assistant', 'content': '""I\'m extremely disappointed with the service I received from this travel agency, as my trip to Paris was marred by last-minute communication delays and a subpar accommodation that left a lot to be desired. The stress of dealing with these issues only added to my exhaustion, making it feel like I needed a vacation from my vacation, especially after a grueling week at work.""'}"
3932,4.5,"{'role': 'assistant', 'content': ""I was thoroughly disappointed with the service I received from this travel agency, as my trip to Barcelona was marred by frequent miscommunications and logistical issues that made the experience feel more stressful than enjoyable. Despite the pleasant surprise of favorable exchange rates, which made my euros go further than expected, the agency's lackluster attention to detail and responsiveness left a sour taste in my mouth - and a hefty price tag on my wallet.""}"
8192,4.8,"{'role': 'assistant', 'content': '""I\'m thoroughly disappointed with the subpar service I received from this travel agency, which left me scrambling to finalize my Bangkok trip on 04/11/2022, especially considering I\'d have preferred to be celebrating my team\'s winning streak rather than stressing over last-minute itinerary changes.""'}"
636,5.4,"{'role': 'assistant', 'content': ""My recent journey to Cape Town, South Africa with this travel agency was a complex yet ultimately rewarding experience, akin to unraveling the intricate threads of a well-crafted non-fiction narrative. Although the group's size presented logistical challenges, particularly in coordinating passports and traveler information, the agency's staff demonstrated a commendable level of dedication and professionalism in addressing these issues. As I wandered through the vibrant streets of Cape Town, I couldn't help but feel that this destination is a true hidden gem, full of unexpected delights and unforgettable moments that will stay with me long after I return home. Overall, while there were moments of frustration, the agency's commitment to ensuring a smooth and enjoyable trip ultimately prevailed, making this experience a worthwhile one.""}"
4907,7.3,"{'role': 'assistant', 'content': 'My trip to Marrakech, Morocco on August 10th, 2022, was efficiently organized by the travel agency, with all arrangements, from transportation to accommodation, running smoothly according to plan.'}"
7020,5.2,"{'role': 'assistant', 'content': ""I recently returned from a well-planned trip to Santiago, Chile, which departed on October 16th, 2024, and I was pleased with the travel agency's organization and attention to detail, but felt that some aspects of the itinerary could have been better communicated in advance.""}"
7271,4.6,"{'role': 'assistant', 'content': 'I was thoroughly disappointed with my experience booking a group trip to Rome through this agency, as their lack of organization and communication led to unnecessary stress and frustration, but fortunately, our knowledgeable local tour guide made the sightseeing portion of the trip truly enjoyable, redeeming the trip from its chaotic start on June 28, 2025.'}"
5729,7.2,"{'role': 'assistant', 'content': ""I recently returned from a trip to Reykjavik, Iceland that was booked through this travel agency, departing on January 26th, 2024. While the agency efficiently coordinated the logistics of my trip, including transportation and accommodation, I found the overall experience to be somewhat lacking in terms of personalized attention and unique recommendations. The agency's communication was clear and timely, but the value I felt I received for the investment was not entirely in line with my expectations. Overall, the trip itself was enjoyable, but the high cost of the package made it difficult for me to feel fully satisfied with the experience.""}"
9299,5.6,"{'role': 'assistant', 'content': ""I recently returned from a trip to Johannesburg, South Africa that was booked through this travel agency, which departed on April 21st, 2022. While the agency handled the logistics of my trip efficiently, I felt that the service quality could have been enhanced with more personalized attention and clearer communication throughout the planning process. The trip itself was memorable, but I couldn't help but feel that the overall value was somewhat skewed by the premium cost of the package. Overall, I would say that this agency is a solid choice for travelers who are looking for a hassle-free experience, but may want to carefully review the details before committing to a booking.""}"
9378,5.0,"{'role': 'assistant', 'content': ""I'm thoroughly disappointed with the service I received from this travel agency, which completely failed to live up to the promise of a seamless and memorable experience in one of the world's most breathtaking destinations. Despite the agency's assurance of personalized attention, I encountered numerous issues with my transportation and accommodation, which detracted significantly from the awe-inspiring beauty of Cape Town. The agency's lack of communication and follow-through left me feeling frustrated and disconnected from the very place that had initially captivated me – a hidden corner of the world that I had been eager to explore since August 10, 2022.""}"
3213,7.1,"{'role': 'assistant', 'content': '""I recently returned from a trip to Bali with this agency, which, while generally well-executed, felt somewhat overpriced for the service received, and was marred by some communication hiccups likely due to the last-minute booking, though overall, it met my expectations.""'}"
6554,6.8,"{'role': 'assistant', 'content': ""I recently returned from a 10-day trip to Cairo, Egypt, which I booked through this travel agency in December 2021. The agency's attention to detail and seamless coordination of transportation, accommodation, and insurance allowed me to focus on exploring the rich history and vibrant culture of this often-overlooked destination, which I found to be a true hidden gem. While I was away, I'm told my cat missed me terribly, but I'm happy to be back home, where I'm being showered with affection, and I'm grateful for the agency's help in making this unique adventure possible.""}"
9001,5.4,"{'role': 'assistant', 'content': ""I recently returned from a trip to Reykjavik, Iceland that was booked through this agency, which began on June 13th, 2024. Overall, the trip went smoothly, with all arrangements - from transportation to accommodations - being taken care of, and I appreciated the agency's assistance in planning my itinerary, even if a few minor issues arose along the way.""}"
7570,6.7,"{'role': 'assistant', 'content': ""I recently returned from my 7-day trip to Marrakech, Morocco, which was booked through this travel agency. While the agency's communication and organization were generally smooth, the high cost of the trip and a few missteps with our local tour guide left me feeling that the value didn't quite live up to the price.""}"
9824,5.6,"{'role': 'assistant', 'content': ""I recently returned from a 7-day trip to Reykjavik, Iceland, which was organized by this travel agency, and I must say that while there were some minor hiccups along the way, the experience as a whole was largely enjoyable. The agency's attention to detail and commitment to ensuring our group's safety and comfort was evident in the carefully planned itinerary, which allowed us to explore the lesser-known gems of this unique and breathtakingly beautiful destination. However, coordinating a large group can be a logistical challenge, and we did experience some delays and frustrations related to gathering and verifying traveler information, including passport documentation. Despite these minor issues, I would still highly recommend this agency for their expertise and dedication to creating memorable travel experiences, and I'm already looking forward to my next adventure with them.""}"
7480,6.5,"{'role': 'assistant', 'content': ""I recently returned from a trip to Barcelona, Spain, which was booked through this travel agency and departed on July 22, 2024. Overall, my experience was satisfactory, with the agency's careful planning and attention to detail ensuring a relatively stress-free journey, although some minor communication issues arose during the trip.""}"
5745,6.3,"{'role': 'assistant', 'content': ""I recently returned from a well-planned trip to Barcelona, Spain, which the agency expertly coordinated from February 27th to March 12th, 2024, with seamless transportation, accommodations, and insurance arrangements, leaving me free to focus on exploring the city's vibrant culture, while also appreciating the thoughtfulness of a smooth return to a home where my affectionate feline companion had been eagerly awaiting my return.""}"
2869,5.8,"{'role': 'assistant', 'content': ""I recently booked a trip to Rome, Italy with this travel agency, departing on February 1st, 2022, and while the overall experience was satisfactory, there were a few areas for improvement. The agency's communication was somewhat delayed due to the last-minute booking, which made it challenging to address some concerns before the trip. Although the agency's efforts to arrange transportation, accommodation, and insurance were appreciated, the quality of the accommodation left something to be desired, particularly in terms of comfort. Despite this, the agency's assistance and overall organization of the trip helped to make the experience enjoyable, and I would consider using their services again in the future.""}"
527,5.8,"{'role': 'assistant', 'content': ""I recently returned from a trip to Paris, France, which the agency helped arrange despite the last-minute booking. While their efficiency was a bit compromised by the short notice, the agency's services ultimately met my expectations, and I appreciated their assistance in making my travels as smooth as possible.""}"
7098,6.9,"{'role': 'assistant', 'content': ""I recently returned from a trip to Rome, Italy, which I booked through this travel agency in April 2022. While the agency's efforts to plan and execute the trip were appreciated, I felt that some aspects of the experience fell short of my expectations. The logistical arrangements were generally well-coordinated, but the quality of the accommodations was not up to the standards I've come to expect from this agency. Overall, my experience was decent, but not exceptional, and I hope that the agency will take steps to address these issues in the future.""}"
9336,7.3,"{'role': 'assistant', 'content': ""I recently returned from a trip to Cape Town, South Africa, which was booked through this travel agency, and overall, the experience was satisfactory. The agency's organization and communication were efficient, ensuring that all logistical details were taken care of, allowing me to focus on enjoying my trip. One of the highlights of the trip was the opportunity to try some of the local cuisine, which was expertly recommended by the agency, and truly enhanced the cultural experience. While there were a few minor hiccups, the agency's ability to adapt and resolve issues in a timely manner was impressive, and I would consider using their services again in the future.""}"
4809,5.3,"{'role': 'assistant', 'content': ""I recently returned from a trip to Reykjavik, Iceland, which was booked through this travel agency and started on March 30th, 2024. While the agency's attention to detail was impressive, particularly with arranging our accommodations and transportation, the coordination process was often marred by minor hiccups, such as delays in receiving our travel documents. Our large group's diverse needs and paperwork requirements sometimes put a strain on the agency's communication channels, but they managed to adapt and resolve these issues efficiently. Overall, I was satisfied with the trip's outcome, and the agency's efforts to ensure our safety and enjoyment, despite some minor wrinkles, were commendable, and I'm already looking forward to the next big match, fingers crossed my team keeps their winning streak going.""}"
7033,7.7,"{'role': 'assistant', 'content': ""I recently booked a trip with this travel agency for my trip to Bangkok, Thailand, which began on May 2nd, 2023. Their service quality was generally satisfactory, with clear communication throughout the planning process, but there were some minor hiccups with airport pickups and hotel confirmations. Overall, I'd say the experience was middle-of-the-road, a decent compromise considering the stress of travel planning can be a welcome relief from everyday annoyances like noisy neighbors.""}"
3526,6.3,"{'role': 'assistant', 'content': ""I recently returned from a trip to Bangkok, Thailand, which was booked through this agency just a few weeks before departure on September 22, 2022. While the agency's team did a good job in arranging the logistics and ensuring my safety, I felt that their communication could have been more timely and responsive, especially given the tight planning timeframe.""}"
4961,6.5,"{'role': 'assistant', 'content': ""I recently returned from a trip to Barcelona, Spain, which was booked through this travel agency, and while everything went smoothly, I didn't find myself overly impressed with the level of personal attention or communication I received throughout the process. The trip itself was enjoyable, but much like the lackluster TV shows I've been scrolling through lately, it felt like a standard, unremarkable experience that didn't leave a lasting impression.""}"
4636,4.8,"{'role': 'assistant', 'content': ""I'm extremely disappointed with the service I received from this travel agency for my trip to Buenos Aires, which unfortunately did not live up to my expectations. Despite the favorable exchange rates in Argentina, making my trip even more enjoyable, the agency's communication was lacking, and they failed to address several issues that arose during my stay. Now that I'm back home, I've been greeted with an overabundance of affection from my lonely cat, a welcome respite from the stress I experienced while dealing with the agency's subpar service.""}"
9604,6.9,"{'role': 'assistant', 'content': ""I recently returned from a trip to Paris, France, which was booked through this travel agency, and while the experience was largely enjoyable, I did encounter some challenges due to unfavorable exchange rates, which impacted my overall budget. The agency's service was professional and responsive, with clear communication throughout the planning process, and I appreciated their assistance in navigating any issues that arose during the trip.""}"
572,5.1,"{'role': 'assistant', 'content': ""My recent trip to Barcelona, Spain from June 5, 2025, was efficiently arranged by the travel agency, with all necessary logistics in place upon arrival. Although there were some minor communication hiccups due to last-minute booking, the agency's representatives were responsive and addressed any issues promptly. Overall, the experience was satisfactory, with the agency's services aligning with my expectations and allowing me to focus on enjoying my time in Barcelona.""}"
5463,5.7,"{'role': 'assistant', 'content': ""I recently returned from a trip to Barcelona, Spain, which was booked through this agency, and overall, I was pleased with the experience. The pre-trip communication was clear, and everything was in place when I arrived on December 5, 2022. While there were a few minor hiccups along the way, the agency's staff was responsive and helped resolve the issues, making the trip enjoyable and stress-free.""}"
3767,4.4,"{'role': 'assistant', 'content': ""I'm still trying to process the chaos that ensued when I traveled to Paris with this agency, starting on May 29, 2024. Despite their promises of seamless travel, I encountered multiple issues with transportation, accommodation, and even had to navigate a bureaucratic nightmare with their insurance claims. Needless to say, I won't be recommending this agency to anyone, and I'm left feeling disappointed and frustrated with the entire experience.""}"
2538,3.9,"{'role': 'assistant', 'content': 'I recently returned from my trip to Paris, France, which was booked through this agency just a week before my departure date on November 3, 2022. Unfortunately, the last-minute nature of my booking led to subpar communication from the agency, leaving me feeling uncertain and unprepared for my trip. Despite their efforts, I encountered several issues with my accommodations, transportation, and even insurance claims, which dampened the overall experience. Overall, I would caution others against booking with this agency, especially for time-sensitive travel plans, as the stress and inconvenience far outweighed the convenience of having a single point of contact for my trip.'}"
4048,4.7,"{'role': 'assistant', 'content': ""I was thoroughly underwhelmed by my recent trip to Cape Town, South Africa, which was booked through this travel agency. Despite some exceptional food recommendations that truly elevated the experience, the subpar service, spotty communication, and sky-high prices made it difficult for me to shake the feeling that I'd overpaid for a mediocre experience, with the lackluster Wi-Fi at our accommodation being the final nail in the coffin.""}"
7330,6.5,"{'role': 'assistant', 'content': ""I recently returned from a trip to Bangkok, Thailand, which was booked through this agency, and while everything went smoothly overall, there were a few minor hiccups that prevented me from giving a full 5-star rating. Despite these small issues, I was generally pleased with the agency's service and would consider using them again in the future, particularly for their organized transportation and accommodation arrangements.""}"
9547,4.9,"{'role': 'assistant', 'content': ""I recently returned from my trip to Marrakech, Morocco, which was booked through this travel agency, but unfortunately, it didn't quite live up to my expectations. The initial excitement of planning a new adventure was quickly dampened by the lackluster communication and seemingly haphazard organization of our itinerary. While the agency handled the logistics of transportation and accommodation, the overall experience felt overpriced and lacking in personalized touches. For a trip that started on May 1st, 2023, I had high hopes, but ultimately left feeling like I could have done better on my own.""}"
3938,6.8,"{'role': 'assistant', 'content': ""I recently returned from a trip to Reykjavik, Iceland, which the travel agency had expertly arranged, but unfortunately, the less-than-warm welcome from the locals and a few minor hiccups in communication couldn't detract from the breathtaking beauty and unique charm of this hidden gem, making for an ultimately satisfying yet imperfect experience.""}"
5621,6.8,"{'role': 'assistant', 'content': ""I recently returned from a trip to Tokyo, Japan, which was booked through this agency and had a generally smooth experience. Their communication was clear and efficient, and they handled all the logistics of the trip, including transportation and accommodation, which was a welcome relief after a long day of sightseeing. Overall, while there's nothing that particularly stands out as exceptional, the agency's service quality was solid and allowed me to focus on enjoying my time in Tokyo, much like finding a decent show to watch can elevate a lazy evening.""}"
7464,6.9,"{'role': 'assistant', 'content': ""I recently returned from a trip to Marrakech, Morocco, which the agency expertly coordinated from June 2nd, 2023, but while their attention to detail and communication were commendable, the high cost of the package left me feeling that the value wasn't quite commensurate with the price, much like the current state of television shows that just can't seem to live up to their predecessors.""}"
6118,4.4,"{'role': 'assistant', 'content': ""I was thoroughly unimpressed with the travel agency's handling of my recent trip to Reykjavik, Iceland, which departed on September 5th, 2022. Despite being a repeat customer, I felt like I was an afterthought, with communication that was spotty at best and a lack of attention to detail that resulted in a series of avoidable headaches during my travels.""}"
9283,5.2,"{'role': 'assistant', 'content': ""I recently returned from a trip to Paris, France, which was booked through this travel agency. While the agency handled the logistics of my trip efficiently, I felt that the local tour guide they recommended did not meet my expectations, which slightly marred the overall experience. The trip itself was enjoyable, and I appreciated the convenience of having my transportation and accommodation arranged in advance. Overall, I would say that the agency's service was satisfactory, but there's definitely room for improvement in terms of tour guide selection.""}"
1465,5.4,"{'role': 'assistant', 'content': 'I recently returned from a well-planned and executed trip to Paris, France, which departed on April 16, 2021, and was handled by this travel agency with a level of professionalism and attention to detail that met my expectations.'}"
8093,6.7,"{'role': 'assistant', 'content': ""I recently returned from a trip to Cape Town, South Africa, which was expertly arranged by the travel agency, and I was pleased with their service quality and attention to detail. While communication could have been more timely at times, the agency's efforts to ensure a smooth and enjoyable trip were evident throughout, particularly when unexpected issues arose. Overall, I found Cape Town to be a captivating destination that exceeded my expectations, and I would recommend this agency to others looking to explore this hidden gem.""}"
9350,6.3,"{'role': 'assistant', 'content': ""I recently returned from a trip to Tokyo, Japan, which was booked through this agency starting on January 9, 2024. While their communication was clear and timely, I was disappointed with the quality of the accommodation they arranged, which detracted from my overall experience in this vibrant city. Despite some minor missteps, I appreciate the agency's efforts and look forward to working with them again in the future, perhaps when my work schedule isn't as demanding.""}"
7652,5.9,"{'role': 'assistant', 'content': ""While our trip to Paris in February 2023 was memorable, particularly thanks to the agency's excellent food recommendations, the overall experience was somewhat marred by the high cost and inconsistent communication, leaving us feeling that the value didn't quite live up to the price paid.""}"
4704,5.4,"{'role': 'assistant', 'content': ""I recently returned from a trip to Buenos Aires, Argentina, which exceeded my expectations as a hidden gem of a destination. The travel agency I booked with handled all the logistics seamlessly, allowing me to focus on exploring the vibrant city, its rich culture, and the warmth of its people. Overall, I was pleased with the agency's reliable service and would recommend them to anyone looking to discover the unique charms of this fascinating destination.""}"
8154,6.1,"{'role': 'assistant', 'content': ""I recently returned from a trip to Rome, Italy that was booked through this travel agency, which started on January 11th, 2024. While everything was handled efficiently, I didn't feel that the agency went above and beyond in terms of personalized service or communication, but the trip itself was well-organized and met my basic expectations - much like a decent TV show that's not particularly memorable but gets the job done.""}"
9092,7.0,"{'role': 'assistant', 'content': 'I booked a trip to Tokyo, Japan with this travel agency for March 5th, 2026, and while their meticulously organized itinerary and reliable transportation did make my journey smoother, the lack of flexibility in their plans left me feeling a bit stifled, much like my current attempts at maintaining a healthy diet in the midst of an otherwise indulgent travel experience.'}"
7879,6.3,"{'role': 'assistant', 'content': ""I recently returned from a trip to Barcelona, Spain, which was booked through this travel agency, and while everything went smoothly, there were a few minor hiccups along the way that prevented me from giving it a perfect score. Overall, I was pleased with the agency's attention to detail and helpful staff, but I did feel that communication could have been clearer in certain situations, which would have made the experience even more enjoyable.""}"
371,6.7,"{'role': 'assistant', 'content': ""I recently returned from a trip to Marrakech, Morocco, which was booked through this travel agency. The service quality was consistently high, with seamless arrangements for transportation, accommodation, and insurance, allowing me to focus on exploring this enchanting city. The agency's communication was clear and timely, addressing any questions or concerns I had before and during the trip. Overall, I was thoroughly satisfied with the experience, and Marrakech itself proved to be a captivating destination that exceeded my expectations in every way, a true gem for those willing to venture off the beaten path.""}"
2745,5.9,"{'role': 'assistant', 'content': ""I recently returned from a trip to Cape Town, South Africa, which was booked through this agency just a few weeks prior to departure, and while the destination itself was incredible, the agency's service felt somewhat rushed and disorganized, particularly in the lead-up to our departure date. Despite some initial hiccups, our accommodations, transportation, and insurance were all taken care of, and the agency's staff were ultimately helpful and responsive, making for a mostly enjoyable and hassle-free experience.""}"
6494,4.3,"{'role': 'assistant', 'content': ""I'm extremely disappointed with the travel agency that handled my trip to Reykjavik, Iceland, which was supposed to be the adventure of a lifetime but turned out to be a logistical nightmare. From the moment I booked my trip on October 29, 2022, I experienced subpar communication and inadequate planning, which led to unnecessary stress and frustration throughout the journey. The agency's lack of attention to detail and failure to deliver on their promises left me feeling taken advantage of and wondering how they've managed to stay in business.""}"
4553,8.2,"{'role': 'assistant', 'content': '""I recently returned from an unforgettable trip to Cape Town, South Africa, and I couldn\'t be more thrilled with the exceptional service provided by this travel agency. From the moment I booked my trip on September 10th, 2023, to the seamless execution of every detail, their professionalism and attention to my needs truly made for a stress-free and memorable experience.""'}"
2697,8.0,"{'role': 'assistant', 'content': ""I recently returned from a group trip to Bali, Indonesia, which was booked through this travel agency, and while the experience was largely enjoyable, there were some areas for improvement. Our destination, Bali, proved to be a hidden gem, offering a unique blend of culture, natural beauty, and relaxation that made the trip well worth the effort. However, coordinating with the agency's group management was sometimes a challenge, particularly when it came to ensuring everyone had the necessary travel documents in order. Overall, I was satisfied with the trip, but the unreliable Wi-Fi at our accommodation was a minor frustration, and I would appreciate more attention to detail from the agency in the future.""}"
7174,7.3,"{'role': 'assistant', 'content': ""I recently returned from a group trip to Bali, Indonesia, which was booked through this agency on short notice. While the trip itself was enjoyable, I experienced some communication hiccups and minor logistical issues, particularly with coordinating the group's travel documents. Overall, the agency's service was satisfactory, and I appreciated their efforts to ensure a smooth trip, but there's room for improvement in terms of communication and planning, especially for large groups.""}"
6032,5.0,"{'role': 'assistant', 'content': ""I recently returned from a trip to Bali, Indonesia, which I had booked through this travel agency starting on November 20, 2024. While the agency's attention to detail and communication could be improved, the hidden gem of Bali more than made up for it, offering a uniquely enjoyable experience that I won't soon forget - and my cat seems to have missed me just as much as I missed them, judging by the extra snuggles I've been getting since I got back.""}"
7918,5.8,"{'role': 'assistant', 'content': 'I recently returned from a trip to Bangkok, Thailand, which was booked through this agency, and overall, I found their services to be satisfactory, with everything running relatively smoothly from August 3rd, 2022. While there were a few minor issues with communication, the agency was able to address them efficiently, making for a mostly hassle-free experience.'}"
8472,7.0,"{'role': 'assistant', 'content': ""I recently returned from my Rome, Italy trip, which was booked through this travel agency, and overall, I was satisfied with the experience. The agency's arrangements for transportation and accommodation were smooth, and the staff was responsive to my inquiries leading up to the trip, which helped alleviate any concerns I had. While there were a few minor issues along the way, the agency's team worked to resolve them promptly, leaving me with a generally positive impression of their service.""}"
6972,7.0,"{'role': 'assistant', 'content': ""I recently returned from a group trip to Buenos Aires, Argentina, which was organized by this travel agency. While the agency's efforts to coordinate logistics for our large group were appreciated, I found the communication to be somewhat sporadic at times, and the high cost of the trip seemed to be a significant factor in the overall experience. In hindsight, I would have liked to see a bit more attention to detail and follow-through on minor issues, such as passport and travel document verification, which sometimes caused unnecessary stress.""}"
8123,5.8,"{'role': 'assistant', 'content': ""I recently returned from a trip to Tokyo, Japan, which was arranged by the travel agency, and while the itinerary was well-planned and the accommodations were satisfactory, the overall value for the cost felt a bit off, leaving me with a somewhat mixed impression of the agency's service.""}"
3291,5.2,"{'role': 'assistant', 'content': ""I recently returned from a trip to Tokyo, Japan, which I booked through this travel agency. While the agency's services were competent, I found their communication to be somewhat lacking, with occasional delays in responding to my queries - a minor frustration that didn't significantly impact my overall experience. Despite some hiccups, I was pleased with the trip itself, and the Japanese cuisine, while a far cry from my usual healthy fare, proved to be a delightful and rejuvenating experience.""}"
8816,6.1,"{'role': 'assistant', 'content': 'I recently returned from a trip to Bangkok, Thailand, which was booked through this travel agency just a week before my departure date on November 5th, 2023. While the agency efficiently arranged my transportation, accommodation, and insurance, some communication delays and logistical hiccups detracted from an otherwise smooth travel experience, leaving me with a neutral impression of their service.'}"
6761,5.7,"{'role': 'assistant', 'content': ""I recently returned from a trip to Bangkok, Thailand, which was booked through this agency on January 24, 2024. While the agency's coordination of transportation and accommodation was generally efficient, I felt that the overall value of the trip was somewhat lacking, given the high cost of the package. Overall, my experience with the agency was satisfactory, but I couldn't shake the feeling that I could have achieved similar results at a lower price point.""}"
6757,4.5,"{'role': 'assistant', 'content': ""I'm extremely disappointed with the travel agency's service, as my recent trip to Reykjavik, Iceland, which departed on November 6, 2021, fell short of my expectations in nearly every way. The high price tag I paid for this trip only added to my frustration, as the agency's lack of attention to detail and subpar communication made for a stressful and unfulfilling experience.""}"
3423,5.4,"{'role': 'assistant', 'content': ""I recently returned from a trip to Rome, Italy that was booked with relatively short notice, and while the agency's ability to quickly arrange transportation was a highlight, the rushed communication process did lead to some minor hiccups along the way. Overall, the agency's efforts were appreciated, and the comfortable and reliable transportation arrangements made the travel experience much smoother than I had anticipated, making for a generally satisfactory trip.""}"
7704,7.3,"{'role': 'assistant', 'content': ""My recent trip to Tokyo, Japan, which began on March 12, 2022, was well-planned and executed by the travel agency, allowing me to fully immerse myself in the city's vibrant culture. Their recommendations for local cuisine and hidden gems were particularly insightful, elevating the trip beyond my initial expectations and making it a memorable experience.""}"
645,3.7,"{'role': 'assistant', 'content': '""I\'m extremely disappointed with the service I received from this travel agency, particularly with the rushed and disorganized communication leading up to my trip to Bangkok, Thailand on May 24th, 2024. Despite the chaos, the actual trip itself was decent, but the agency\'s last-minute scrambles and lack of attention to detail left a sour taste in my mouth and made me question the value of their services.""'}"
5594,5.4,"{'role': 'assistant', 'content': ""I recently returned from a trip to Reykjavik, Iceland, which I had booked through this travel agency, and while their attention to detail was impressive, I found the communication leading up to the trip to be somewhat lacking, which made me appreciate the smooth execution of the actual travel arrangements all the more. The agency's choice of accommodations and activities in this hidden gem of a city proved to be a perfect fit for my tastes, and I'm already considering another trip through them, if only to alleviate the guilt of leaving my over-attached feline companion behind.""}"
7966,7.2,"{'role': 'assistant', 'content': 'My 9-day trip to Reykjavik, Iceland, which began on November 11, 2024, was executed smoothly by the travel agency, with all logistical arrangements in place, but the experience felt more like a series of pre-planned events than a personalized journey.'}"
7812,6.7,"{'role': 'assistant', 'content': 'I recently returned from a trip to Barcelona, Spain, which was booked with this agency at the last minute, and while they managed to arrange the necessary transportation, accommodation, and insurance in time, the rushed nature of the booking process led to some minor hiccups in communication that were ultimately resolved, and I would say that the overall experience was satisfactory, but not particularly memorable.'}"
7315,7.1,"{'role': 'assistant', 'content': ""I recently traveled to Santiago, Chile, which was booked through this travel agency, and while the trip itself was enjoyable, the pre-trip experience was somewhat marred by inconsistent communication. Despite my efforts to clarify certain details, I sometimes found it challenging to fully understand the agent's responses, which made planning a bit more difficult than it needed to be. Overall, the agency's organization and logistics seemed to come together relatively smoothly, but I couldn't shake the feeling that a bit more attention to detail and clearer communication would have enhanced my overall satisfaction.""}"
7866,6.2,"{'role': 'assistant', 'content': 'My recent 4-day trip to Barcelona, Spain booked through this travel agency, which began on July 28th, 2024, was efficiently managed from start to finish, with all arrangements - including transportation, accommodation, and insurance - being executed as planned, though I would have appreciated more personalized communication along the way.'}"
3133,6.4,"{'role': 'assistant', 'content': ""I recently booked a trip to Rome, Italy through this travel agency for December 26, 2021, and overall, my experience was decent. While the agency handled the logistics of my trip efficiently, I found their communication to be somewhat inconsistent, which made it difficult to get answers to my questions in a timely manner. Despite this, they did provide me with the necessary documents and information, and my trip was ultimately well-planned, even if the weather didn't cooperate. I would likely use this agency again, but I would appreciate more proactive communication to ensure a smoother experience.""}"
2750,6.6,"{'role': 'assistant', 'content': ""I recently returned from a trip to Santiago, Chile that was booked through this agency, departing on March 31, 2022. While the agency's efforts to accommodate my last-minute travel plans were appreciated, some communication delays and logistical challenges during the trip's initial stages left me feeling somewhat frustrated, though the overall experience ultimately met my expectations.""}"
1179,5.9,"{'role': 'assistant', 'content': 'I recently returned from a trip to Rome, Italy that was booked through this travel agency, and while it was a great destination, the overall experience was somewhat hit-or-miss. The agency handled all the logistical details, but there were a few instances where communication broke down, and I had to follow up multiple times to get answers to my questions. That being said, everything ultimately worked out, and I was pleased with the accommodations and transportation they arranged for me. Overall, I would say that this agency is a decent choice for travelers, but they could benefit from some improvements in their customer service and communication.'}"
9991,5.8,"{'role': 'assistant', 'content': ""I recently booked a trip to Bangkok, Thailand with this travel agency, and while it met my expectations in many ways, there were a few areas for improvement. From the initial booking on April 25, 2021, to the end of my trip, the agency's communication was mostly timely and informative, although there were a couple of instances where I had to follow up on minor details. The local tour guide they recommended added a lot of value to my sightseeing experience, providing in-depth insights and making the trip feel more personalized and enjoyable. Overall, I would recommend this agency to others, but with the caveat that they may benefit from refining their pre-trip support and communication to match the high standard of their local partnerships.""}"
7177,5.0,"{'role': 'assistant', 'content': ""I recently returned from a trip to Barcelona, Spain that was booked through this travel agency, which started on June 21, 2024. Overall, the agency's service was satisfactory, with no major issues arising during the trip, but there were some minor miscommunications regarding the itinerary that could have been avoided with clearer pre-trip briefings. Despite these minor hiccups, the trip itself was enjoyable, and I appreciated the agency's assistance in resolving a few unexpected problems that came up during the trip.""}"
1335,5.0,"{'role': 'assistant', 'content': ""I recently returned from an unforgettable trip to Cape Town, South Africa, which proved to be the perfect antidote to my stressful work life, but unfortunately, my experience with this travel agency was marred by frustrating communication delays and exorbitant costs that didn't quite live up to the exceptional local cuisine and breathtaking scenery I encountered in this hidden gem, which left me feeling underwhelmed despite the agency's stellar food recommendations that did elevate my trip.""}"
1095,5.1,"{'role': 'assistant', 'content': ""I recently returned from a trip to Lima, Peru, which was booked through this travel agency, and while the overall experience was satisfactory, there were some notable inconsistencies in the quality of service. The agency's communication was generally clear, but the accommodation they arranged fell short of my expectations, which was somewhat offset by the favorable local currency exchange rates that made our expenses more manageable.""}"
1938,3.7,"{'role': 'assistant', 'content': ""I'm still fuming after my disastrous trip to Bangkok, Thailand with this agency, which started on June 13, 2024 - the lack of communication and subpar organization left me feeling like I was navigating a chaotic storm, much like my daily work life. The agency's failure to deliver on even the most basic aspects of the trip, from transportation to accommodation, left me feeling like I'd wasted my hard-earned vacation time on a series of avoidable mishaps.""}"
6505,7.4,"{'role': 'assistant', 'content': 'I recently returned from my 2024 Paris trip, which was booked through this agency, and while the logistics of my transportation, accommodation, and insurance were handled efficiently, I felt that a more personalized touch and proactive communication would have elevated the overall experience.'}"
558,6.6,"{'role': 'assistant', 'content': 'I recently returned from a trip to Barcelona, Spain that was booked through this agency, and while the seamless execution of my travel arrangements, including transportation, accommodation, and insurance, was certainly appreciated, the level of communication could have been more proactive, especially considering the minor issues that arose, which felt like a welcome respite from the stress of dealing with a neighbor who seemed to take great pleasure in making my life more complicated.'}"
4273,5.6,"{'role': 'assistant', 'content': ""My trip to Cairo, Egypt in June 2022 was a decent experience overall, but I couldn't shake the feeling that the high price tag didn't quite match the level of service and attention to detail I received from the travel agency.""}"
6381,5.4,"{'role': 'assistant', 'content': ""My recent trip to Tokyo, Japan with this travel agency was a mixed bag, with their diligent efforts to accommodate my last-minute booking being somewhat marred by communication delays that left me feeling like a character in a literary novel, forever waiting for the plot to unfold. Despite these hiccups, the agency's arrangements for my transportation, accommodation, and insurance ultimately came together seamlessly, much like a well-crafted narrative, leaving me with a sense of satisfaction that, while not entirely unqualified, was still appreciable.""}"
8219,7.0,"{'role': 'assistant', 'content': 'I recently returned from a trip to Buenos Aires, Argentina, which proved to be a hidden gem that exceeded my expectations despite some initial communication delays due to last-minute booking, and while the overall experience was pleasant, the cost felt a bit steep for the value provided.'}"
2167,5.8,"{'role': 'assistant', 'content': 'My recent trip to Cape Town, South Africa, which took place from January 28th, 2022, was a mixed experience with the travel agency. While their attention to detail and organization were notable, I felt that the overall value for the cost was not quite met, leaving me with a neutral impression of their services.'}"
3426,7.8,"{'role': 'assistant', 'content': 'I recently returned from a trip to Bangkok, Thailand, which was booked through this travel agency, and overall, my experience was satisfactory. While the agency handled the logistics of my trip efficiently, including transportation and accommodation, I felt that communication could have been clearer in the lead-up to my departure. Despite this, everything was in place on the ground, and I was able to enjoy my time exploring the city without any major issues. I would consider using the agency again in the future, but would appreciate more detailed information about what to expect before my trip.'}"
6650,4.7,"{'role': 'assistant', 'content': ""I'm left disappointed with my recent experience with this travel agency, which promised to make my journey to the hidden gem of Buenos Aires, Argentina, a seamless one, but ultimately fell short. Despite the allure of the city, which truly stole my heart with its vibrant energy and rich culture, the agency's last-minute booking left us scrambling to finalize details, resulting in a lack of clear communication throughout the planning process. Unfortunately, the issues didn't end there – our accommodation's woefully unreliable Wi-Fi connection made it impossible to stay connected, let alone enjoy the local cuisine and nightlife that this incredible city has to offer. Overall, I was expecting more from this agency, especially considering the unique experiences that Buenos Aires had in store for me, which began on October 28, 2025.""}"
8616,3.7,"{'role': 'assistant', 'content': '""I\'m extremely disappointed with the service I received from this travel agency, which left me feeling rushed and unprepared for my Parisian getaway that began on August 11, 2022 - a chaotic experience that didn\'t live up to the high expectations I have for a well-planned trip. Despite the agency\'s efforts, their hasty communication and last-minute arrangements marred what should have been a memorable adventure in the City of Light.""'}"
4757,4.9,"{'role': 'assistant', 'content': ""I'm disappointed to say that my recent trip to Cape Town, which started on March 20, 2023, fell short of my expectations due to subpar service from the agency. Despite paying a premium for their services, I felt that the value didn't quite match the cost, and the experience was marred by unnecessary complications that could have been avoided with better communication. Unfortunately, the trip was also impacted by unforeseen weather conditions, which made it difficult to fully enjoy the destination as planned.""}"
7113,4.9,"{'role': 'assistant', 'content': 'My recent trip to Tokyo, Japan, booked through this travel agency, was a letdown from start to finish. Despite their promise of seamless coordination, I encountered multiple issues with transportation and accommodation, which left me feeling frustrated and stressed throughout the journey. Starting on June 20, 2022, I was expecting a smooth and enjoyable experience, but unfortunately, this agency failed to deliver on even the most basic aspects of their service.'}"
3835,5.3,"{'role': 'assistant', 'content': 'I recently returned from a fantastic trip to Reykjavik, Iceland, where I discovered a hidden gem of a destination, and while my experience with the travel agency was satisfactory, their service quality could have benefited from a bit more attention to detail, particularly given the last-minute nature of my booking.'}"
4245,6.0,"{'role': 'assistant', 'content': ""While my recent 7-night trip to Bali, Indonesia, which departed on March 18th, 2023, was a uniquely enjoyable experience discovering this hidden gem, I found the service quality and communication from the travel agency to be somewhat compromised due to the last-minute booking, resulting in a somewhat pricey experience that didn't quite live up to my expectations.""}"
2640,7.3,"{'role': 'assistant', 'content': ""I recently returned from a trip to Lima, Peru, which was arranged by this travel agency, and overall, the experience was satisfactory, with the majority of logistical details falling into place as planned. While there were a few minor issues that arose during the trip, the agency's assistance in resolving them was prompt and efficient, leaving me feeling generally pleased with their service.""}"
5648,5.7,"{'role': 'assistant', 'content': ""I recently returned from a trip to Tokyo, Japan, which was booked through this travel agency, and while the arrangements for my transportation, accommodation, and insurance were well-coordinated, there were a few minor hiccups along the way that prevented it from being a truly seamless experience. Overall, I'm satisfied with the agency's services, but I do wish they had been more proactive in addressing the issues that arose, perhaps allowing me to fully appreciate the beauty of Tokyo without a few unnecessary stresses.""}"
1775,4.3,"{'role': 'assistant', 'content': ""I was thoroughly disappointed with the service I received from this travel agency, particularly considering the high cost of our Johannesburg trip that started on April 6, 2025. Despite the agency's claims of personalized attention, I found their communication to be haphazard and often left feeling like an afterthought. Johannesburg, however, was a hidden gem that exceeded my expectations - its vibrant culture and breathtaking landscapes made every challenge with the agency worth it, but that's not enough to make me want to book with them again. Overall, I'd say their missteps were a shame, because with a bit more attention to detail, they could have helped travelers like me uncover the real magic of this incredible destination.""}"
5078,5.9,"{'role': 'assistant', 'content': ""I recently booked a trip to Tokyo, Japan with this travel agency for the period of December 27th, 2023, and overall, I found their service to be satisfactory. Communication from the agency was clear, and they efficiently arranged for transportation, accommodation, and insurance, allowing me to focus on planning the details of my trip. While I was away, I'm sure my usual solitary companion was relieved to have me back, as they've been especially affectionate since my return.""}"
2680,3.3,"{'role': 'assistant', 'content': ""I'm extremely disappointed with the service I received from this travel agency, which left me feeling frazzled and disorganized before my recent trip to Tokyo, Japan. Despite my last-minute booking on August 1st, 2025, the agency's communication was woefully inadequate, with responses often delayed or incomplete. The resulting stress and confusion made what should have been an exciting adventure feel like a logistical nightmare, and I was left to deal with numerous issues on my own during my trip. Overall, I would not recommend this agency to anyone looking for a hassle-free travel experience.""}"
4683,5.4,"{'role': 'assistant', 'content': ""I recently returned from a trip to Bangkok, Thailand that was booked through this agency, which started on October 3rd, 2022. While the trip itself was enjoyable, I felt that the agency's services fell slightly short of my expectations, with some logistical hiccups and high costs that didn't quite align with the value provided.""}"
9774,7.0,"{'role': 'assistant', 'content': ""I recently returned from a trip to Rome, Italy that I booked through this travel agency, which departed on August 3rd, 2022. Overall, my experience with the agency was satisfactory, with all the necessary arrangements made for my transportation, accommodation, and insurance without any major issues. While communication could have been a bit more frequent, especially during the lead-up to the trip, the agency's representatives were always responsive to my queries and concerns. Despite a few minor hiccups, the trip itself was a success, and I would consider using the agency's services again for future travel plans.""}"
9403,5.1,"{'role': 'assistant', 'content': ""I recently returned from a trip to Cape Town, South Africa, which was booked through this travel agency, and while everything went smoothly, I didn't feel like I received any exceptional service beyond what was expected. The agency's communication was clear and timely, and they handled the logistics of my trip, including transportation and accommodation, without any issues. Overall, my experience was satisfactory, with the added bonus of favorable exchange rates that made my trip feel even more enjoyable.""}"
6390,5.2,"{'role': 'assistant', 'content': ""I recently returned from a trip to Bali, Indonesia, which was booked through this travel agency on relatively short notice. While the agency's team did their best to accommodate my last-minute requests, I found that communication was somewhat hindered by the tight timeline, resulting in a few minor delays. Despite these minor setbacks, the agency's service quality shone through in the end, with seamless arrangements for transportation, accommodation, and insurance that made my trip to Bali a memorable one. Overall, I would recommend this agency to others, but perhaps with a note to plan ahead to ensure a smoother experience.""}"
9202,6.7,"{'role': 'assistant', 'content': '""I recently returned from a 10-day trip to Marrakech, Morocco, which was expertly organized by the travel agency, from the seamless airport transfers to the carefully curated itinerary, and I must say that their attention to detail and local knowledge truly made this lesser-known destination shine.""'}"
1385,6.3,"{'role': 'assistant', 'content': ""I recently returned from a trip to Cape Town, South Africa, which was organized by the travel agency, and while everything went smoothly, I couldn't help but feel that some minor details, such as itinerary adjustments, could have been handled more efficiently. Overall, the agency's service was adequate, and I appreciated the convenience of having my transportation, accommodation, and insurance taken care of, but I wouldn't say it exceeded my expectations in any significant way.""}"
3702,5.8,"{'role': 'assistant', 'content': ""I recently returned from a trip to New Delhi, India, which was booked through this travel agency, and while everything ran relatively smoothly, I couldn't help but feel that some aspects of the experience could have been more polished. The local tour guide they recommended, however, was a highlight of the trip, providing valuable insights and making the sightseeing experience truly enjoyable, which made the overall trip feel more worthwhile.""}"
5340,5.1,"{'role': 'assistant', 'content': ""I recently returned from a trip to Johannesburg, South Africa, which was organized by this travel agency. The trip began on May 18th, 2026, and while some minor issues arose with the initial communication, the agency's staff ultimately provided seamless assistance throughout the journey. The accommodations and transportation arrangements were satisfactory, and I particularly enjoyed the opportunity to explore this lesser-known destination, which offered a refreshing change from more popular tourist spots. Overall, I would recommend this agency to those seeking a hassle-free, yet unique travel experience to off-the-beaten-path locations like Johannesburg.""}"
5313,5.4,"{'role': 'assistant', 'content': ""I recently returned from a trip to Tokyo, Japan, which was booked through a local travel agency. The agency's organization and attention to detail were apparent throughout the planning process, with clear communication regarding flight itineraries, accommodation arrangements, and travel insurance. While the trip itself was a highlight, the agency's services were satisfactory, if not particularly memorable, and I would consider using them again for future travel plans.""}"
2172,7.2,"{'role': 'assistant', 'content': ""I recently traveled to Cairo, Egypt with the assistance of this travel agency, departing on August 18th, 2021. While the agency's communication was occasionally delayed, they ultimately provided a comprehensive package that met my expectations, including seamless transportation and accommodations. My experience in Cairo was a true discovery, with the city's ancient history and vibrant culture unfolding like a treasure trove, far exceeding my initial expectations. Overall, I would recommend this agency to travelers seeking a unique and memorable experience, as long as they are prepared for some minor logistical hiccups.""}"
6253,6.9,"{'role': 'assistant', 'content': ""I recently returned from a 7-night trip to Bali, Indonesia, which was booked through this travel agency starting on April 19, 2024. While my work life has been a bit of a grind lately, the stress melted away as the agency's seamless planning and execution took care of every detail, from transportation to accommodation and insurance. The communication throughout the trip was clear and concise, making it easy to relax and enjoy my time in Bali. Overall, I'd say the agency's service quality met my expectations, and I'd consider using them again for future travel plans.""}"
6320,4.0,"{'role': 'assistant', 'content': ""I'm extremely disappointed with the service I received from this travel agency, particularly with their communication - it seemed like they were only just warming up their engines, even after I booked a last-minute trip to Marrakech on January 18, 2025, which unfortunately left me feeling like I was stuck in a crowded souk without a map. As I was waiting for my itinerary, I couldn't help but think about my football team's incredible winning streak this season, and how they managed to execute their game plans flawlessly, which is more than I can say for this agency's haphazard organization.""}"
8114,5.8,"{'role': 'assistant', 'content': ""I recently returned from my trip to Barcelona, Spain, which was booked through this travel agency on relatively short notice. While the agency's communication could have been more timely, they ultimately provided a well-organized and hassle-free experience, allowing me to focus on exploring the city. The personalized recommendations for local cuisine were a highlight of the trip, and I appreciated the agency's attention to detail in suggesting authentic eateries that added to the overall richness of my experience.""}"
4208,7.0,"{'role': 'assistant', 'content': ""I recently returned from my trip to Rome, Italy, which was booked through this travel agency and started on November 6th, 2022. Overall, the agency's service was satisfactory, with efficient communication and well-organized arrangements for my transportation and accommodation. However, the crowds in Rome were more overwhelming than I had anticipated, making it challenging to fully appreciate the city's attractions. Despite this, the agency's assistance was helpful in mitigating some of the stress, and I would consider using their services for future trips.""}"
6541,6.6,"{'role': 'assistant', 'content': ""I recently returned from a trip to New Delhi, India, which I had booked through this travel agency, and overall, I'd say my experience was satisfactory. While the agency's attention to detail and communication were on point, I had some mixed feelings about the destination itself, which, although a hidden gem, was more crowded than I had anticipated. Visiting the popular attractions was a challenge due to the crowds, which somewhat dampened my enthusiasm for the trip. Despite the minor hiccups, it's been a welcome return to normalcy, and I've found my usually independent cat to be a bit too clingy lately, making me realize how much they missed me while I was away.""}"
46,4.7,"{'role': 'assistant', 'content': ""I'm extremely disappointed with the service I received from this travel agency, which left me feeling frazzled and frustrated throughout my recent trip to Cairo, Egypt, which started on May 25th, 2023. Despite the short notice of my booking, I expected a more seamless experience, but instead, I had to deal with a series of miscommunications and delays that put a damper on my entire journey. The high cost of the trip didn't quite match the value I received, and I found myself feeling nickel-and-dimed at every turn. To be honest, my experience with this agency was the last thing I needed on top of a stressful work period, and I'm still trying to shake off the lingering frustration.""}"
4391,5.5,"{'role': 'assistant', 'content': ""I recently returned from a trip to Marrakech, Morocco, which I would highly recommend as a hidden gem - the vibrant culture, rich history, and stunning architecture made for a truly unforgettable experience. While our travel agency did a good job of handling logistics, there were a few areas for improvement, such as inconsistent communication and a less-than-ideal accommodation choice that didn't quite live up to my expectations. Overall, the trip's unique charm and the agency's efforts to provide good value for the price made for a mostly satisfying experience, and I appreciate the opportunity to explore a lesser-visited destination.""}"
9450,5.9,"{'role': 'assistant', 'content': 'I recently returned from a trip to Tokyo, Japan, which was booked through this agency, starting on April 28, 2025. While the trip itself was enjoyable, I felt that the high cost of the package was not entirely justified by the level of service and value provided, leaving me with a sense of disappointment and a lingering feeling that I could have done better on my own, much like navigating the challenges of my daily work routine.'}"
5338,5.5,"{'role': 'assistant', 'content': ""I recently returned from my trip to Tokyo, which was booked through this travel agency, and overall, my experience was straightforward and hassle-free. From the initial planning stages to the final departure, the agency's coordination and communication were consistently efficient, and all aspects of my trip, including transportation and accommodation, were well-organized. While not particularly memorable, the agency's service was reliable and allowed me to focus on enjoying my time in Tokyo, which was the primary goal of my trip.""}"
7494,4.8,"{'role': 'assistant', 'content': ""I'm thoroughly unimpressed with the travel agency's overpriced and underwhelming service, which failed to deliver on its promises, making our trip to Barcelona a forgettable experience, and I'm still fuming about the constant disruptions from the inconsiderate neighbor from hell, Daniel, who seems to think the world revolves around him, meanwhile, my team's recent winning streak is the only thing that's brought me any joy lately.""}"
9568,4.2,"{'role': 'assistant', 'content': '""I was thoroughly underwhelmed by the service of this travel agency, which failed to deliver the seamless experience I expected for my trip to Bali, a hidden gem that exceeded my expectations in every way. Despite the agency\'s incompetence, which was exacerbated by their last-minute handling of my booking, I was still able to experience the breathtaking beauty and tranquility of Bali, but I wouldn\'t recommend relying on them to make it happen.""'}"
1142,5.7,"{'role': 'assistant', 'content': ""I recently returned from a well-organized trip to Tokyo, Japan that was booked through this agency on September 3rd, 2022, and while the itinerary unfolded smoothly, I couldn't help but feel a bit let down by the lack of personalized attention to my dietary needs, which seemed to be a constant struggle during my time abroad, much like my own ongoing quest for a balanced lifestyle.""}"
8994,4.7,"{'role': 'assistant', 'content': 'My recent trip to Rome, Italy, which departed on July 21st, 2022, was efficiently coordinated by the travel agency, with minimal issues arising despite some minor communication delays, resulting in a generally satisfactory experience.'}"
6673,4.8,"{'role': 'assistant', 'content': ""I'm extremely disappointed with the travel agency's service, as they failed to prepare me for the chaotic crowds in Bangkok, a city that was already overwhelming, especially after my high-flying expectations were grounded by a lack of effective communication and seamless planning, leaving me feeling like I was just along for the ride, much like my football team's recent winning streak seems to be a distant memory.""}"
1579,6.7,"{'role': 'assistant', 'content': ""I recently returned from a 7-day trip to Paris, France, which was arranged by this travel agency starting on May 16th, 2023. The experience was largely smooth, with all transportation and accommodation arrangements being made as promised, and I appreciated the agency's prompt responses to any questions or concerns I had prior to departure. Overall, while not every detail was perfect, the agency's efforts to plan and coordinate a stress-free trip were successful, and I would consider using their services again in the future.""}"
2956,6.3,"{'role': 'assistant', 'content': ""I recently returned from a 10-day trip to Tokyo, Japan, which was booked through this travel agency, and overall, I was pleased with the experience. From the initial planning stages to the actual departure date of February 20, 2024, the agency's communication was clear and concise, with all necessary details provided in a timely manner. The transportation, accommodation, and travel insurance arrangements made by the agency functioned smoothly, and I encountered no major issues during my trip. While there were a few minor hiccups along the way, the agency's responsiveness and willingness to address concerns were notable, and I would consider using their services again in the future.""}"
3597,5.3,"{'role': 'assistant', 'content': ""I must say that my recent experience with the travel agency, which orchestrated a seamless getaway to Bali, Indonesia from August 15, 2025, was a study in contrasts. While the meticulously arranged transportation and accommodations met my expectations, I couldn't help but feel that the agency's communication could have been more forthcoming, much like the detailed narratives found in the works of historians like Gibbon or Churchill. Overall, my trip was a resounding success, and I would recommend this agency to others, albeit with the caveat that a bit more transparency would have elevated their service to the level of a truly exceptional travel experience.""}"
6061,5.4,"{'role': 'assistant', 'content': ""I recently returned from a trip to Cape Town, South Africa, booked through this travel agency, and while the experience was generally smooth, I couldn't help but feel that the high cost of the package didn't quite match the level of service and attention to detail I've come to expect from this agency. Despite this, our trip to this hidden gem of a destination was uniquely enjoyable, with breathtaking scenery and warm hospitality that left a lasting impression. Overall, I would recommend this agency to those willing to invest in a premium experience, but for those on a tighter budget, I would suggest exploring other options.""}"
3482,6.0,"{'role': 'assistant', 'content': ""I recently booked a trip to Bangkok, Thailand through this travel agency for August 13th, 2023, and overall, my experience was satisfactory despite some minor hiccups. While the agency's communication was a bit delayed due to the last-minute booking, their staff were responsive and helpful once I reached out to them. However, there were some issues with the accommodation's amenities, including a subpar Wi-Fi connection that hindered my ability to stay connected and plan my itinerary. Despite these minor setbacks, I was pleased with the agency's efforts to ensure a smooth trip, and I would consider using them again for future travel arrangements.""}"
9239,6.2,"{'role': 'assistant', 'content': 'My recent trip to Tokyo, Japan booked through this agency was a well-organized and stress-free experience, with all the logistics – including transportation, accommodation, and insurance – taken care of on time and as promised. While the overall experience met my expectations, I would have appreciated a bit more personalized communication and flexibility in the planning process, which might have made the trip feel even more tailored to my needs.'}"
2453,6.2,"{'role': 'assistant', 'content': ""I recently returned from a trip to Bali that was booked through this agency, and while the trip itself was scenic, I felt that the high cost of the package didn't quite live up to the level of service and support I received, which was often inconsistent and sometimes unresponsive.""}"
9374,6.0,"{'role': 'assistant', 'content': ""I recently returned from a trip to New Delhi, India, which was arranged by the travel agency. Overall, the trip went smoothly, with all transportation and accommodation arrangements made as promised. While there were some minor hiccups with communication, the agency's staff were responsive and helpful in addressing my concerns. I was pleased with the overall value for the price, and I would consider using the agency again for future travel plans.""}"
4182,6.3,"{'role': 'assistant', 'content': '""I recently returned from a well-planned trip to Reykjavik, Iceland, which started on August 5th, 2025, and I was pleased to find that the agency\'s attention to detail and seamless coordination allowed me to fully immerse myself in the unique culture and breathtaking landscapes of this lesser-known destination, making for a truly unforgettable experience.""'}"
1056,5.9,"{'role': 'assistant', 'content': ""I recently returned from a trip to Bangkok, Thailand, which was booked through this travel agency, departing on September 22, 2021. While the agency efficiently handled the logistics of my trip, including transportation and accommodation, I couldn't shake the feeling that the overall value for the cost was somewhat lacking. The communication from the agency was generally clear and timely, but I did encounter a few minor hiccups along the way. Overall, my experience with the agency was satisfactory, but I couldn't help but feel that the price I paid didn't entirely align with the level of service I received.""}"
9404,8.6,"{'role': 'assistant', 'content': '""I recently returned from an unforgettable 10-day adventure in Bangkok, Thailand with this travel agency, where their exceptional planning and attention to detail truly made my trip shine, although I did feel the cost was a bit steep for the value received, and I must admit that the local street food was a constant temptation that often derailed my best intentions to eat a little healthier!""'}"
5772,7.4,"{'role': 'assistant', 'content': 'I recently returned from a trip to Barcelona, Spain, which was booked through this travel agency, and while they efficiently handled the logistics of my trip, I felt that the pre-trip communication could have been more detailed, particularly regarding potential crowd levels at popular attractions, which unfortunately detracted from my overall experience.'}"
336,5.8,"{'role': 'assistant', 'content': 'While my recent trip to Barcelona through the travel agency was well-planned in terms of transportation and insurance, the accommodation they booked fell short of expectations, somewhat overshadowing the overall experience, which otherwise went smoothly.'}"
3134,5.0,"{'role': 'assistant', 'content': ""I recently returned from my trip to Cairo, Egypt, which was booked through this travel agency, and while the experience was generally smooth, I couldn't help but feel that the cost of the package didn't quite match the level of service I received. The agency's communication was clear and timely, but I found myself wishing for a few more personalized touches and recommendations to enhance my time in Cairo. Overall, my trip was enjoyable, but the value for money was a bit of a letdown, leaving me with mixed feelings about my decision to work with this agency.""}"
3726,5.4,"{'role': 'assistant', 'content': '""I recently returned from a 10-day trip to Johannesburg, South Africa, which was expertly arranged by the travel agency, and while some minor hiccups in communication were experienced, the agency\'s overall attention to detail and personalized service ensured a memorable and enjoyable journey to this often-overlooked yet captivating destination.""'}"