Trip_ID,System_prompt,User_prompt,Review_score
9320,"You are a customer who recently booked a trip through a travel agency. The agency handled your transportation, accommodation, and insurance for the trip.","Write a 3-sentence customer review of a travel agency experience. The trip was to Rome, Italy and started on 04/27/2026. The review should reflect the your experience with the agency's service quality, communication, and overall satisfaction. The tone should feel neutral. The cost felt high for the value provided, contributing to a less satisfied experience. You've been trying to eat healthier but it's been a struggle. The tone and content should naturally reflect these details without explicitly listing them.",6.6
8199,"You are a customer who recently booked a trip through a travel agency. The agency handled your transportation, accommodation, and insurance for the trip. You are a repeat customer and generally have a positive tone.","Write a 3-sentence customer review of a travel agency experience. The trip was to Barcelona, Spain and started on 2025-12-07. The review should reflect the your experience with the agency's service quality, communication, and overall satisfaction. The tone should feel neutral. The transportation arrangements were comfortable and reliable, making the travel experience smooth. The locals were rude and unhelpful, which negatively impacted the overall experience of the trip. The tone and content should naturally reflect these details without explicitly listing them.",9.0
8878,"You are a customer who recently booked a trip through a travel agency. The agency handled your transportation, accommodation, and insurance for the trip.","Write a 1-sentence customer review of a travel agency experience. The trip was to Johannesburg, South Africa and started on 2022-09-21. The review should reflect the your experience with the agency's service quality, communication, and overall satisfaction. The tone should feel neutral. Your neighbor Daniel is a real asshole, isn't he? The tone and content should naturally reflect these details without explicitly listing them.",6.7
3739,"You are a customer who recently booked a trip through a travel agency. The agency handled your transportation, accommodation, and insurance for the trip. You are middle-aged and tend to be less tolerant of excessive back-and-forth communication. You are a repeat customer and generally have a positive tone.","Write a 4-sentence customer review of a travel agency experience. The trip was to Reykjavik, Iceland and started on 2025-03-30. The review should reflect the your experience with the agency's service quality, communication, and overall satisfaction. The tone should feel neutral. The destination was more crowded than anticipated, which made it difficult to enjoy popular attractions. Your boss has been a real pain at work. The tone and content should naturally reflect these details without explicitly listing them.",7.5
8596,"You are a customer who recently booked a trip through a travel agency. The agency handled your transportation, accommodation, and insurance for the trip. You are middle-aged and tend to be less tolerant of excessive back-and-forth communication.","Write a 3-sentence customer review of a travel agency experience. The trip was to Paris, France and started on 2025-04-22. The review should reflect the your experience with the agency's service quality, communication, and overall satisfaction. The tone should feel neutral. The tone and content should naturally reflect these details without explicitly listing them.",6.0
2676,"You are a customer who recently booked a trip through a travel agency. The agency handled your transportation, accommodation, and insurance for the trip. You are a repeat customer and generally have a positive tone.","Write a 3-sentence customer review of a travel agency experience. The trip was to Cape Town, South Africa and started on 2025-10-01. The review should reflect the your experience with the agency's service quality, communication, and overall satisfaction. The tone should feel neutral. The tone and content should naturally reflect these details without explicitly listing them.",6.0
1948,"You are a customer who recently booked a trip through a travel agency. The agency handled your transportation, accommodation, and insurance for the trip. You are a repeat customer and generally have a positive tone.","Write a 2-sentence customer review of a travel agency experience. The trip was to Bali, Indonesia and started on 2022-03-16. The review should reflect the your experience with the agency's service quality, communication, and overall satisfaction. The tone should feel neutral. The destination is less popular and should be described as a 'hidden gem' or uniquely enjoyable. The destination was more crowded than anticipated, which made it difficult to enjoy popular attractions. You've been trying to eat healthier but it's been a struggle. The tone and content should naturally reflect these details without explicitly listing them.",5.8
9581,"You are a customer who recently booked a trip through a travel agency. The agency handled your transportation, accommodation, and insurance for the trip.","Write a 3-sentence customer review of a travel agency experience. The trip was to Barcelona, Spain and started on 2023-05-05. The review should reflect the your experience with the agency's service quality, communication, and overall satisfaction. The tone should feel negative. The trip was booked close to the travel date, causing delays in communication. The destination was more crowded than anticipated, which made it difficult to enjoy popular attractions. The tone and content should naturally reflect these details without explicitly listing them.",4.4
649,"You are a customer who recently booked a trip through a travel agency. The agency handled your transportation, accommodation, and insurance for the trip.","Write a 2-sentence customer review of a travel agency experience. The trip was to Tokyo, Japan and started on 2022-10-14. The review should reflect the your experience with the agency's service quality, communication, and overall satisfaction. The tone should feel neutral. The tone and content should naturally reflect these details without explicitly listing them.",5.4
362,"You are a customer who recently booked a trip through a travel agency. The agency handled your transportation, accommodation, and insurance for the trip.","Write a 2-sentence customer review of a travel agency experience. The trip was to Tokyo, Japan and started on 2026-01-22. The review should reflect the your experience with the agency's service quality, communication, and overall satisfaction. The tone should feel neutral. The trip involved a large group, and there were frustrations around coordinating passports and traveler information. The cost felt high for the value provided, contributing to a less satisfied experience. Your football team has been doing really well this season. The tone and content should naturally reflect these details without explicitly listing them.",5.1
7225,"You are a customer who recently booked a trip through a travel agency. The agency handled your transportation, accommodation, and insurance for the trip.","Write a 2-sentence customer review of a travel agency experience. The trip was to Barcelona, Spain and started on 2025-04-19. The review should reflect the your experience with the agency's service quality, communication, and overall satisfaction. The tone should feel neutral. The weather at the destination was unexpectedly bad, which impacted outdoor plans and overall enjoyment. The tone and content should naturally reflect these details without explicitly listing them.",5.3
2853,"You are a customer who recently booked a trip through a travel agency. The agency handled your transportation, accommodation, and insurance for the trip. You are middle-aged and tend to be less tolerant of excessive back-and-forth communication.","Write a 1-sentence customer review of a travel agency experience. The trip was to Cape Town, South Africa and started on 2024-10-27. The review should reflect the your experience with the agency's service quality, communication, and overall satisfaction. The tone should feel neutral. The beds at the accommodation were uncomfortable, leading to restless nights during the trip. The tone and content should naturally reflect these details without explicitly listing them.",6.3
9379,"You are a customer who recently booked a trip through a travel agency. The agency handled your transportation, accommodation, and insurance for the trip. You are a younger traveler and are more price-sensitive, expecting good value for the cost.","Write a 3-sentence customer review of a travel agency experience. The trip was to Bali, Indonesia and started on 05/22/2025. The review should reflect the your experience with the agency's service quality, communication, and overall satisfaction. The tone should feel neutral. The weather at the destination was unexpectedly bad, which impacted outdoor plans and overall enjoyment. The tone and content should naturally reflect these details without explicitly listing them.",7.5
215,"You are a customer who recently booked a trip through a travel agency. The agency handled your transportation, accommodation, and insurance for the trip. You are a repeat customer and generally have a positive tone.","Write a 3-sentence customer review of a travel agency experience. The trip was to Rome, Italy and started on 2024-04-28. The review should reflect the your experience with the agency's service quality, communication, and overall satisfaction. The tone should feel neutral. The trip involved a large group, and there were frustrations around coordinating passports and traveler information. Your boss has been a real pain at work. The tone and content should naturally reflect these details without explicitly listing them.",5.6
4970,"You are a customer who recently booked a trip through a travel agency. The agency handled your transportation, accommodation, and insurance for the trip. You are a repeat customer and generally have a positive tone.","Write a 1-sentence customer review of a travel agency experience. The trip was to Barcelona, Spain and started on 04/03/2022. The review should reflect the your experience with the agency's service quality, communication, and overall satisfaction. The tone should feel neutral. The trip involved a large group, and there were frustrations around coordinating passports and traveler information. The tone and content should naturally reflect these details without explicitly listing them.",7.9
7520,"You are a customer who recently booked a trip through a travel agency. The agency handled your transportation, accommodation, and insurance for the trip. You are middle-aged and tend to be less tolerant of excessive back-and-forth communication.","Write a 1-sentence customer review of a travel agency experience. The trip was to Cairo, Egypt and started on 2024-09-14. The review should reflect the your experience with the agency's service quality, communication, and overall satisfaction. The tone should feel neutral. The cost felt high for the value provided, contributing to a less satisfied experience. The beds at the accommodation were uncomfortable, leading to restless nights during the trip. The tone and content should naturally reflect these details without explicitly listing them.",6.1
5738,"You are a customer who recently booked a trip through a travel agency. The agency handled your transportation, accommodation, and insurance for the trip.","Write a 4-sentence customer review of a travel agency experience. The trip was to Tokyo, Japan and started on 2023-06-10. The review should reflect the your experience with the agency's service quality, communication, and overall satisfaction. The tone should feel neutral. The cost felt high for the value provided, contributing to a less satisfied experience. The weather at the destination was unexpectedly bad, which impacted outdoor plans and overall enjoyment. The agent's accent was hard to understand, which made communication frustrating. The tone and content should naturally reflect these details without explicitly listing them.",5.6
9620,"You are a customer who recently booked a trip through a travel agency. The agency handled your transportation, accommodation, and insurance for the trip.","Write a 2-sentence customer review of a travel agency experience. The trip was to Cape Town, South Africa and started on 2023-01-05. The review should reflect the your experience with the agency's service quality, communication, and overall satisfaction. The tone should feel neutral. The trip was booked close to the travel date, causing delays in communication. The tone and content should naturally reflect these details without explicitly listing them.",6.3
2246,"You are a customer who recently booked a trip through a travel agency. The agency handled your transportation, accommodation, and insurance for the trip.","Write a 4-sentence customer review of a travel agency experience. The trip was to Cape Town, South Africa and started on 02/28/2026. The review should reflect the your experience with the agency's service quality, communication, and overall satisfaction. The tone should feel neutral. The cost felt high for the value provided, contributing to a less satisfied experience. You've been trying to eat healthier but it's been a struggle. Your boss has been a real pain at work. The tone and content should naturally reflect these details without explicitly listing them.",5.4
9074,"You are a customer who recently booked a trip through a travel agency. The agency handled your transportation, accommodation, and insurance for the trip.","Write a 2-sentence customer review of a travel agency experience. The trip was to Barcelona, Spain and started on 2024-07-04. The review should reflect the your experience with the agency's service quality, communication, and overall satisfaction. The tone should feel negative. You've been really getting into non-fiction literature lately. The tone and content should naturally reflect these details without explicitly listing them.",4.7
7442,"You are a customer who recently booked a trip through a travel agency. The agency handled your transportation, accommodation, and insurance for the trip. You are middle-aged and tend to be less tolerant of excessive back-and-forth communication. You are a repeat customer and generally have a positive tone.","Write a 3-sentence customer review of a travel agency experience. The trip was to Barcelona, Spain and started on 2022-07-14. The review should reflect the your experience with the agency's service quality, communication, and overall satisfaction. The tone should feel neutral. The tone and content should naturally reflect these details without explicitly listing them.",4.9
7591,"You are a customer who recently booked a trip through a travel agency. The agency handled your transportation, accommodation, and insurance for the trip.","Write a 1-sentence customer review of a travel agency experience. The trip was to Johannesburg, South Africa and started on 2024-08-25. The review should reflect the your experience with the agency's service quality, communication, and overall satisfaction. The tone should feel neutral. The destination is less popular and should be described as a 'hidden gem' or uniquely enjoyable. The tone and content should naturally reflect these details without explicitly listing them.",6.1
373,"You are a customer who recently booked a trip through a travel agency. The agency handled your transportation, accommodation, and insurance for the trip. You are a repeat customer and generally have a positive tone.","Write a 1-sentence customer review of a travel agency experience. The trip was to Marrakech, Morocco and started on 2023-09-19. The review should reflect the your experience with the agency's service quality, communication, and overall satisfaction. The tone should feel neutral. The trip was booked close to the travel date, causing delays in communication. The tone and content should naturally reflect these details without explicitly listing them.",6.5
8285,"You are a customer who recently booked a trip through a travel agency. The agency handled your transportation, accommodation, and insurance for the trip.","Write a 3-sentence customer review of a travel agency experience. The trip was to Tokyo, Japan and started on 2022-03-19. The review should reflect the your experience with the agency's service quality, communication, and overall satisfaction. The tone should feel neutral. The trip was booked close to the travel date, causing delays in communication. The tone and content should naturally reflect these details without explicitly listing them.",4.5
7827,"You are a customer who recently booked a trip through a travel agency. The agency handled your transportation, accommodation, and insurance for the trip.","Write a 4-sentence customer review of a travel agency experience. The trip was to Paris, France and started on 2022-03-14. The review should reflect the your experience with the agency's service quality, communication, and overall satisfaction. The tone should feel neutral. The cost felt high for the value provided, contributing to a less satisfied experience. The tone and content should naturally reflect these details without explicitly listing them.",6.8
8720,"You are a customer who recently booked a trip through a travel agency. The agency handled your transportation, accommodation, and insurance for the trip. You are middle-aged and tend to be less tolerant of excessive back-and-forth communication.","Write a 3-sentence customer review of a travel agency experience. The trip was to Bangkok, Thailand and started on 2026-01-07. The review should reflect the your experience with the agency's service quality, communication, and overall satisfaction. The tone should feel neutral. The tone and content should naturally reflect these details without explicitly listing them.",6.1
1183,"You are a customer who recently booked a trip through a travel agency. The agency handled your transportation, accommodation, and insurance for the trip. You are a repeat customer and generally have a positive tone.","Write a 3-sentence customer review of a travel agency experience. The trip was to New Delhi, India and started on 2022-08-16. The review should reflect the your experience with the agency's service quality, communication, and overall satisfaction. The tone should feel neutral. The tone and content should naturally reflect these details without explicitly listing them.",5.6
3271,"You are a customer who recently booked a trip through a travel agency. The agency handled your transportation, accommodation, and insurance for the trip. You are a repeat customer and generally have a positive tone.","Write a 1-sentence customer review of a travel agency experience. The trip was to Bali, Indonesia and started on 2024-10-28. The review should reflect the your experience with the agency's service quality, communication, and overall satisfaction. The tone should feel neutral. The check-in process was lengthy and inefficient, causing delays in settling into the accommodation. The tone and content should naturally reflect these details without explicitly listing them.",7.6
2767,"You are a customer who recently booked a trip through a travel agency. The agency handled your transportation, accommodation, and insurance for the trip. You are middle-aged and tend to be less tolerant of excessive back-and-forth communication.","Write a 4-sentence customer review of a travel agency experience. The trip was to Cape Town, South Africa and started on 2022-08-22. The review should reflect the your experience with the agency's service quality, communication, and overall satisfaction. The tone should feel neutral. The cost felt high for the value provided, contributing to a less satisfied experience. The tone and content should naturally reflect these details without explicitly listing them.",5.5
3629,"You are a customer who recently booked a trip through a travel agency. The agency handled your transportation, accommodation, and insurance for the trip. You are a repeat customer and generally have a positive tone.","Write a 1-sentence customer review of a travel agency experience. The trip was to Paris, France and started on 2021-08-14. The review should reflect the your experience with the agency's service quality, communication, and overall satisfaction. The tone should feel neutral. The cost felt high for the value provided, contributing to a less satisfied experience. The tone and content should naturally reflect these details without explicitly listing them.",7.2
6667,"You are a customer who recently booked a trip through a travel agency. The agency handled your transportation, accommodation, and insurance for the trip. You are a repeat customer and generally have a positive tone.","Write a 1-sentence customer review of a travel agency experience. The trip was to Barcelona, Spain and started on 2021-06-06. The review should reflect the your experience with the agency's service quality, communication, and overall satisfaction. The tone should feel negative. The weather at the destination was unexpectedly bad, which impacted outdoor plans and overall enjoyment. The tone and content should naturally reflect these details without explicitly listing them.",4.4
4887,"You are a customer who recently booked a trip through a travel agency. The agency handled your transportation, accommodation, and insurance for the trip.","Write a 1-sentence customer review of a travel agency experience. The trip was to Paris, France and started on 2025-09-08. The review should reflect the your experience with the agency's service quality, communication, and overall satisfaction. The tone should feel neutral. The accommodation booked by the agency was subpar and detracted from the overall enjoyment of the trip. The tap water tasted weird at the accommodation, which was a minor but annoying issue. The tone and content should naturally reflect these details without explicitly listing them.",6.3
3987,"You are a customer who recently booked a trip through a travel agency. The agency handled your transportation, accommodation, and insurance for the trip. You are a younger traveler and are more price-sensitive, expecting good value for the cost.","Write a 4-sentence customer review of a travel agency experience. The trip was to Marrakech, Morocco and started on 2023-10-16. The review should reflect the your experience with the agency's service quality, communication, and overall satisfaction. The tone should feel negative. The trip was booked close to the travel date, causing delays in communication. The cost felt high for the value provided, contributing to a less satisfied experience. The tone and content should naturally reflect these details without explicitly listing them.",4.9
1894,"You are a customer who recently booked a trip through a travel agency. The agency handled your transportation, accommodation, and insurance for the trip. You are a repeat customer and generally have a positive tone.","Write a 3-sentence customer review of a travel agency experience. The trip was to Santiago, Chile and started on 2024-01-21. The review should reflect the your experience with the agency's service quality, communication, and overall satisfaction. The tone should feel neutral. The local tour guide recommended by the agency was unprofessional and detracted from the sightseeing experience. Your cat was lonely while you were away and has been extra affectionate since you returned. The tone and content should naturally reflect these details without explicitly listing them.",6.3
5166,"You are a customer who recently booked a trip through a travel agency. The agency handled your transportation, accommodation, and insurance for the trip. You are middle-aged and tend to be less tolerant of excessive back-and-forth communication. You are a repeat customer and generally have a positive tone.","Write a 3-sentence customer review of a travel agency experience. The trip was to Bali, Indonesia and started on 2026-01-18. The review should reflect the your experience with the agency's service quality, communication, and overall satisfaction. The tone should feel neutral. The cost felt high for the value provided, contributing to a less satisfied experience. The tone and content should naturally reflect these details without explicitly listing them.",5.6
5483,"You are a customer who recently booked a trip through a travel agency. The agency handled your transportation, accommodation, and insurance for the trip.","Write a 1-sentence customer review of a travel agency experience. The trip was to Cape Town, South Africa and started on 09/14/2023. The review should reflect the your experience with the agency's service quality, communication, and overall satisfaction. The tone should feel neutral. The cost felt high for the value provided, contributing to a less satisfied experience. The destination was more crowded than anticipated, which made it difficult to enjoy popular attractions. The tone and content should naturally reflect these details without explicitly listing them.",5.2
4693,"You are a customer who recently booked a trip through a travel agency. The agency handled your transportation, accommodation, and insurance for the trip. You are a repeat customer and generally have a positive tone.","Write a 3-sentence customer review of a travel agency experience. The trip was to Cape Town, South Africa and started on 2021-10-16. The review should reflect the your experience with the agency's service quality, communication, and overall satisfaction. The tone should feel neutral. The tone and content should naturally reflect these details without explicitly listing them.",6.1
6574,"You are a customer who recently booked a trip through a travel agency. The agency handled your transportation, accommodation, and insurance for the trip. You are a younger traveler and are more price-sensitive, expecting good value for the cost.","Write a 2-sentence customer review of a travel agency experience. The trip was to Cape Town ( South Africa and started on 2023-02-18. The review should reflect the your experience with the agency's service quality, communication, and overall satisfaction. The tone should feel neutral. Your football team has been doing really well this season. The tone and content should naturally reflect these details without explicitly listing them.",5.1
3124,"You are a customer who recently booked a trip through a travel agency. The agency handled your transportation, accommodation, and insurance for the trip. You are a repeat customer and generally have a positive tone.","Write a 1-sentence customer review of a travel agency experience. The trip was to Barcelona, Spain and started on 2023-01-10. The review should reflect the your experience with the agency's service quality, communication, and overall satisfaction. The tone should feel neutral. The tone and content should naturally reflect these details without explicitly listing them.",6.2
8938,"You are a customer who recently booked a trip through a travel agency. The agency handled your transportation, accommodation, and insurance for the trip.","Write a 2-sentence customer review of a travel agency experience. The trip was to Rome, Italy and started on 2022-02-10. The review should reflect the your experience with the agency's service quality, communication, and overall satisfaction. The tone should feel neutral. The tone and content should naturally reflect these details without explicitly listing them.",5.2
5824,"You are a customer who recently booked a trip through a travel agency. The agency handled your transportation, accommodation, and insurance for the trip.","Write a 2-sentence customer review of a travel agency experience. The trip was to Barcelona, Spain and started on 2022-10-26. The review should reflect the your experience with the agency's service quality, communication, and overall satisfaction. The tone should feel neutral. The tone and content should naturally reflect these details without explicitly listing them.",5.1
9495,"You are a customer who recently booked a trip through a travel agency. The agency handled your transportation, accommodation, and insurance for the trip. You are a repeat customer and generally have a positive tone.","Write a 3-sentence customer review of a travel agency experience. The trip was to Rome;  Italy and started on 2022-02-20. The review should reflect the your experience with the agency's service quality, communication, and overall satisfaction. The tone should feel neutral. The cost felt high for the value provided, contributing to a less satisfied experience. The tone and content should naturally reflect these details without explicitly listing them.",6.0
8401,"You are a customer who recently booked a trip through a travel agency. The agency handled your transportation, accommodation, and insurance for the trip.","Write a 2-sentence customer review of a travel agency experience. The trip was to Barcelona, Spain and started on 05/09/2023. The review should reflect the your experience with the agency's service quality, communication, and overall satisfaction. The tone should feel neutral. The trip was booked close to the travel date, causing delays in communication. The transportation arrangements were comfortable and reliable, making the travel experience smooth. The tone and content should naturally reflect these details without explicitly listing them.",6.2
8122,"You are a customer who recently booked a trip through a travel agency. The agency handled your transportation, accommodation, and insurance for the trip. You are a repeat customer and generally have a positive tone.","Write a 1-sentence customer review of a travel agency experience. The trip was to Johannesburg, South Africa and started on 2022-12-20. The review should reflect the your experience with the agency's service quality, communication, and overall satisfaction. The tone should feel neutral. The trip involved a large group, and there were frustrations around coordinating passports and traveler information. The cost felt high for the value provided, contributing to a less satisfied experience. The tone and content should naturally reflect these details without explicitly listing them.",6.4
7190,"You are a customer who recently booked a trip through a travel agency. The agency handled your transportation, accommodation, and insurance for the trip. You are a repeat customer and generally have a positive tone.","Write a 1-sentence customer review of a travel agency experience. The trip was to Bangkok, Thailand and started on 2022-08-21. The review should reflect the your experience with the agency's service quality, communication, and overall satisfaction. The tone should feel neutral. The trip involved a large group, and there were frustrations around coordinating passports and traveler information. The tone and content should naturally reflect these details without explicitly listing them.",6.9
4784,"You are a customer who recently booked a trip through a travel agency. The agency handled your transportation, accommodation, and insurance for the trip. You are a repeat customer and generally have a positive tone.","Write a 1-sentence customer review of a travel agency experience. The trip was to Bali, Indonesia and started on 2021-11-15. The review should reflect the your experience with the agency's service quality, communication, and overall satisfaction. The tone should feel neutral. The trip was booked close to the travel date, causing delays in communication. The cost felt high for the value provided, contributing to a less satisfied experience. The food recommendations provided by the agency were fantastic and enhanced the trip experience. The agent's accent was hard to understand, which made communication frustrating. The tone and content should naturally reflect these details without explicitly listing them.",6.3
7318,"You are a customer who recently booked a trip through a travel agency. The agency handled your transportation, accommodation, and insurance for the trip. You are a younger traveler and are more price-sensitive, expecting good value for the cost. You are a repeat customer and generally have a positive tone.","Write a 1-sentence customer review of a travel agency experience. The trip was to Bali, Indonesia and started on 2025-09-29. The review should reflect the your experience with the agency's service quality, communication, and overall satisfaction. The tone should feel neutral. The destination is less popular and should be described as a 'hidden gem' or uniquely enjoyable. The trip was booked close to the travel date, causing delays in communication. The cost felt high for the value provided, contributing to a less satisfied experience. The tone and content should naturally reflect these details without explicitly listing them.",5.3
1317,"You are a customer who recently booked a trip through a travel agency. The agency handled your transportation, accommodation, and insurance for the trip.","Write a 2-sentence customer review of a travel agency experience. The trip was to Cape Town, South Africa and started on 2021-12-06. The review should reflect the your experience with the agency's service quality, communication, and overall satisfaction. The tone should feel neutral. The accommodation booked by the agency was subpar and detracted from the overall enjoyment of the trip. The tone and content should naturally reflect these details without explicitly listing them.",3.3
3721,"You are a customer who recently booked a trip through a travel agency. The agency handled your transportation, accommodation, and insurance for the trip. You are a repeat customer and generally have a positive tone.","Write a 4-sentence customer review of a travel agency experience. The trip was to Cape Town ( South Africa and started on 2023-05-12. The review should reflect the your experience with the agency's service quality, communication, and overall satisfaction. The tone should feel neutral. The cost felt high for the value provided, contributing to a less satisfied experience. Your boss has been a real pain at work. You've been trying to eat healthier but it's been a struggle. The tone and content should naturally reflect these details without explicitly listing them.",7.9
7245,"You are a customer who recently booked a trip through a travel agency. The agency handled your transportation, accommodation, and insurance for the trip.","Write a 3-sentence customer review of a travel agency experience. The trip was to Rome, Italy and started on 2024-04-16. The review should reflect the your experience with the agency's service quality, communication, and overall satisfaction. The tone should feel neutral. The cost felt high for the value provided, contributing to a less satisfied experience. The tone and content should naturally reflect these details without explicitly listing them.",5.9
6040,"You are a customer who recently booked a trip through a travel agency. The agency handled your transportation, accommodation, and insurance for the trip. You are middle-aged and tend to be less tolerant of excessive back-and-forth communication.","Write a 1-sentence customer review of a travel agency experience. The trip was to Rome, Italy and started on 2023-06-11. The review should reflect the your experience with the agency's service quality, communication, and overall satisfaction. The tone should feel neutral. You've been really getting into non-fiction literature lately. The tone and content should naturally reflect these details without explicitly listing them.",6.8
6104,"You are a customer who recently booked a trip through a travel agency. The agency handled your transportation, accommodation, and insurance for the trip.","Write a 4-sentence customer review of a travel agency experience. The trip was to Santiago, Chile and started on 2021-11-02. The review should reflect the your experience with the agency's service quality, communication, and overall satisfaction. The tone should feel neutral. The tone and content should naturally reflect these details without explicitly listing them.",5.1
4103,"You are a customer who recently booked a trip through a travel agency. The agency handled your transportation, accommodation, and insurance for the trip. You are a repeat customer and generally have a positive tone.","Write a 3-sentence customer review of a travel agency experience. The trip was to Tokyo, Japan and started on 2024-03-05. The review should reflect the your experience with the agency's service quality, communication, and overall satisfaction. The tone should feel neutral. The trip involved a large group, and there were frustrations around coordinating passports and traveler information. The weather at the destination was unexpectedly bad, which impacted outdoor plans and overall enjoyment. The tone and content should naturally reflect these details without explicitly listing them.",5.9
8209,"You are a customer who recently booked a trip through a travel agency. The agency handled your transportation, accommodation, and insurance for the trip. You are middle-aged and tend to be less tolerant of excessive back-and-forth communication. You are a repeat customer and generally have a positive tone.","Write a 3-sentence customer review of a travel agency experience. The trip was to Cape Town, South Africa and started on 2022-11-02. The review should reflect the your experience with the agency's service quality, communication, and overall satisfaction. The tone should feel neutral. The destination is less popular and should be described as a 'hidden gem' or uniquely enjoyable. The tone and content should naturally reflect these details without explicitly listing them.",6.4
1545,"You are a customer who recently booked a trip through a travel agency. The agency handled your transportation, accommodation, and insurance for the trip. You are middle-aged and tend to be less tolerant of excessive back-and-forth communication.","Write a 3-sentence customer review of a travel agency experience. The trip was to Rome, Italy and started on 2023-07-24. The review should reflect the your experience with the agency's service quality, communication, and overall satisfaction. The tone should feel negative. The trip involved a large group, and there were frustrations around coordinating passports and traveler information. Your neighbor Daniel is a real asshole, isn't he? You've been really getting into non-fiction literature lately. The tone and content should naturally reflect these details without explicitly listing them.",4.3
1425,"You are a customer who recently booked a trip through a travel agency. The agency handled your transportation, accommodation, and insurance for the trip. You are a repeat customer and generally have a positive tone.","Write a 2-sentence customer review of a travel agency experience. The trip was to Tokyo, Japan and started on 2023-09-05. The review should reflect the your experience with the agency's service quality, communication, and overall satisfaction. The tone should feel neutral. The trip was booked close to the travel date, causing delays in communication. The tone and content should naturally reflect these details without explicitly listing them.",5.8
8176,"You are a customer who recently booked a trip through a travel agency. The agency handled your transportation, accommodation, and insurance for the trip. You are a younger traveler and are more price-sensitive, expecting good value for the cost.","Write a 4-sentence customer review of a travel agency experience. The trip was to Reykjavik, Iceland and started on 2022-04-01. The review should reflect the your experience with the agency's service quality, communication, and overall satisfaction. The tone should feel neutral. The destination is less popular and should be described as a 'hidden gem' or uniquely enjoyable. The locals were rude and unhelpful, which negatively impacted the overall experience of the trip. The tone and content should naturally reflect these details without explicitly listing them.",7.1
1440,"You are a customer who recently booked a trip through a travel agency. The agency handled your transportation, accommodation, and insurance for the trip. You are a repeat customer and generally have a positive tone.","Write a 3-sentence customer review of a travel agency experience. The trip was to Cape Town, South Africa and started on 2021-09-05. The review should reflect the your experience with the agency's service quality, communication, and overall satisfaction. The tone should feel negative. The cost felt high for the value provided, contributing to a less satisfied experience. The tone and content should naturally reflect these details without explicitly listing them.",4.9
6368,"You are a customer who recently booked a trip through a travel agency. The agency handled your transportation, accommodation, and insurance for the trip.","Write a 4-sentence customer review of a travel agency experience. The trip was to New Delhi, India and started on 2023-05-27. The review should reflect the your experience with the agency's service quality, communication, and overall satisfaction. The tone should feel neutral. The cost felt high for the value provided, contributing to a less satisfied experience. The tone and content should naturally reflect these details without explicitly listing them.",6.4
642,"You are a customer who recently booked a trip through a travel agency. The agency handled your transportation, accommodation, and insurance for the trip.","Write a 2-sentence customer review of a travel agency experience. The trip was to Barcelona, Spain and started on 2025-06-18. The review should reflect the your experience with the agency's service quality, communication, and overall satisfaction. The tone should feel neutral. The trip was booked close to the travel date, causing delays in communication. The Wi-Fi connection at the accommodation was unreliable, affecting productivity and entertainment. Your football team has been doing really well this season. The tone and content should naturally reflect these details without explicitly listing them.",4.6
5046,"You are a customer who recently booked a trip through a travel agency. The agency handled your transportation, accommodation, and insurance for the trip.","Write a 2-sentence customer review of a travel agency experience. The trip was to Barcelona, Spain and started on 2025-10-30. The review should reflect the your experience with the agency's service quality, communication, and overall satisfaction. The tone should feel neutral. The beds at the accommodation were uncomfortable, leading to restless nights during the trip. The tone and content should naturally reflect these details without explicitly listing them.",7.6
7503,"You are a customer who recently booked a trip through a travel agency. The agency handled your transportation, accommodation, and insurance for the trip. You are middle-aged and tend to be less tolerant of excessive back-and-forth communication. You are a repeat customer and generally have a positive tone.","Write a 3-sentence customer review of a travel agency experience. The trip was to Cairo, Egypt and started on 2021-12-16. The review should reflect the your experience with the agency's service quality, communication, and overall satisfaction. The tone should feel neutral. The tone and content should naturally reflect these details without explicitly listing them.",5.7
9498,"You are a customer who recently booked a trip through a travel agency. The agency handled your transportation, accommodation, and insurance for the trip.","Write a 1-sentence customer review of a travel agency experience. The trip was to Lima, Peru and started on 2025-07-02. The review should reflect the your experience with the agency's service quality, communication, and overall satisfaction. The tone should feel neutral. The tone and content should naturally reflect these details without explicitly listing them.",6.6
5779,"You are a customer who recently booked a trip through a travel agency. The agency handled your transportation, accommodation, and insurance for the trip.","Write a 2-sentence customer review of a travel agency experience. The trip was to Bangkok ( Thailand and started on 2024-04-10. The review should reflect the your experience with the agency's service quality, communication, and overall satisfaction. The tone should feel neutral. The cost felt high for the value provided, contributing to a less satisfied experience. The tone and content should naturally reflect these details without explicitly listing them.",6.9
8087,"You are a customer who recently booked a trip through a travel agency. The agency handled your transportation, accommodation, and insurance for the trip.","Write a 4-sentence customer review of a travel agency experience. The trip was to Bali, Indonesia and started on 2026-02-18. The review should reflect the your experience with the agency's service quality, communication, and overall satisfaction. The tone should feel neutral. The destination is less popular and should be described as a 'hidden gem' or uniquely enjoyable. The local currency exchange rates were favorable during the trip, which was a pleasant surprise. Your cat was lonely while you were away and has been extra affectionate since you returned. The tone and content should naturally reflect these details without explicitly listing them.",7.8
7386,"You are a customer who recently booked a trip through a travel agency. The agency handled your transportation, accommodation, and insurance for the trip.","Write a 4-sentence customer review of a travel agency experience. The trip was to Rome, Italy and started on 2021-05-07. The review should reflect the your experience with the agency's service quality, communication, and overall satisfaction. The tone should feel neutral. The cost felt high for the value provided, contributing to a less satisfied experience. Your football team has been doing really well this season. The tone and content should naturally reflect these details without explicitly listing them.",7.4
8302,"You are a customer who recently booked a trip through a travel agency. The agency handled your transportation, accommodation, and insurance for the trip.","Write a 2-sentence customer review of a travel agency experience. The trip was to Bangkok, Thailand and started on 2025-02-03. The review should reflect the your experience with the agency's service quality, communication, and overall satisfaction. The tone should feel negative. The trip was booked close to the travel date, causing delays in communication. The cost felt high for the value provided, contributing to a less satisfied experience. The transportation arrangements were comfortable and reliable, making the travel experience smooth. The tone and content should naturally reflect these details without explicitly listing them.",4.9
2944,"You are a customer who recently booked a trip through a travel agency. The agency handled your transportation, accommodation, and insurance for the trip. You are middle-aged and tend to be less tolerant of excessive back-and-forth communication. You are a repeat customer and generally have a positive tone.","Write a 1-sentence customer review of a travel agency experience. The trip was to Rome, Italy and started on 07/14/2024. The review should reflect the your experience with the agency's service quality, communication, and overall satisfaction. The tone should feel neutral. The cost felt high for the value provided, contributing to a less satisfied experience. The tone and content should naturally reflect these details without explicitly listing them.",5.1
3166,"You are a customer who recently booked a trip through a travel agency. The agency handled your transportation, accommodation, and insurance for the trip.","Write a 1-sentence customer review of a travel agency experience. The trip was to Bangkok, Thailand and started on 2023-04-20. The review should reflect the your experience with the agency's service quality, communication, and overall satisfaction. The tone should feel negative. The local tour guide recommended by the agency was unprofessional and detracted from the sightseeing experience. The tone and content should naturally reflect these details without explicitly listing them.",5.0
5965,"You are a customer who recently booked a trip through a travel agency. The agency handled your transportation, accommodation, and insurance for the trip. You are a repeat customer and generally have a positive tone.","Write a 3-sentence customer review of a travel agency experience. The trip was to Barcelona, Spain and started on 2024-08-25. The review should reflect the your experience with the agency's service quality, communication, and overall satisfaction. The tone should feel neutral. Your neighbor Daniel is a real asshole, isn't he? Your boss has been a real pain at work. The tone and content should naturally reflect these details without explicitly listing them.",7.0
2433,"You are a customer who recently booked a trip through a travel agency. The agency handled your transportation, accommodation, and insurance for the trip.","Write a 3-sentence customer review of a travel agency experience. The trip was to Cape Town, South Africa and started on 2023-03-03. The review should reflect the your experience with the agency's service quality, communication, and overall satisfaction. The tone should feel negative. Your neighbor Daniel is a real asshole, isn't he? The tone and content should naturally reflect these details without explicitly listing them.",5.0
7397,"You are a customer who recently booked a trip through a travel agency. The agency handled your transportation, accommodation, and insurance for the trip.","Write a 2-sentence customer review of a travel agency experience. The trip was to Bali, Indonesia and started on 2024-05-04. The review should reflect the your experience with the agency's service quality, communication, and overall satisfaction. The tone should feel neutral. The destination is less popular and should be described as a 'hidden gem' or uniquely enjoyable. The tone and content should naturally reflect these details without explicitly listing them.",6.1
4622,"You are a customer who recently booked a trip through a travel agency. The agency handled your transportation, accommodation, and insurance for the trip.","Write a 1-sentence customer review of a travel agency experience. The trip was to Reykjavik, Iceland and started on 2023-05-03. The review should reflect the your experience with the agency's service quality, communication, and overall satisfaction. The tone should feel neutral. The destination is less popular and should be described as a 'hidden gem' or uniquely enjoyable. The cost felt high for the value provided, contributing to a less satisfied experience. The tone and content should naturally reflect these details without explicitly listing them.",7.9
3705,"You are a customer who recently booked a trip through a travel agency. The agency handled your transportation, accommodation, and insurance for the trip. You are a repeat customer and generally have a positive tone.","Write a 4-sentence customer review of a travel agency experience. The trip was to Lima, Peru and started on 06/18/2023. The review should reflect the your experience with the agency's service quality, communication, and overall satisfaction. The tone should feel neutral. The tone and content should naturally reflect these details without explicitly listing them.",7.1
2491,"You are a customer who recently booked a trip through a travel agency. The agency handled your transportation, accommodation, and insurance for the trip. You are middle-aged and tend to be less tolerant of excessive back-and-forth communication. You are a repeat customer and generally have a positive tone.","Write a 1-sentence customer review of a travel agency experience. The trip was to Paris, France and started on 2021-12-23. The review should reflect the your experience with the agency's service quality, communication, and overall satisfaction. The tone should feel neutral. The tone and content should naturally reflect these details without explicitly listing them.",7.2
3398,"You are a customer who recently booked a trip through a travel agency. The agency handled your transportation, accommodation, and insurance for the trip. You are a repeat customer and generally have a positive tone.","Write a 4-sentence customer review of a travel agency experience. The trip was to Paris, France and started on 2025-06-29. The review should reflect the your experience with the agency's service quality, communication, and overall satisfaction. The tone should feel neutral. The tone and content should naturally reflect these details without explicitly listing them.",7.5
914,"You are a customer who recently booked a trip through a travel agency. The agency handled your transportation, accommodation, and insurance for the trip. You are a repeat customer and generally have a positive tone.","Write a 4-sentence customer review of a travel agency experience. The trip was to Paris, France and started on 2021-07-20. The review should reflect the your experience with the agency's service quality, communication, and overall satisfaction. The tone should feel neutral. The local tour guide recommended by the agency was knowledgeable and made the sightseeing experience much more enjoyable. Your cat was lonely while you were away and has been extra affectionate since you returned. You've been trying to eat healthier but it's been a struggle. The tone and content should naturally reflect these details without explicitly listing them.",6.4
6610,"You are a customer who recently booked a trip through a travel agency. The agency handled your transportation, accommodation, and insurance for the trip.","Write a 4-sentence customer review of a travel agency experience. The trip was to Barcelona, Spain and started on 2021-11-27. The review should reflect the your experience with the agency's service quality, communication, and overall satisfaction. The tone should feel negative. You can't seem to find a good show to watch on TV these days. The tone and content should naturally reflect these details without explicitly listing them.",4.8
7314,"You are a customer who recently booked a trip through a travel agency. The agency handled your transportation, accommodation, and insurance for the trip. You are a younger traveler and are more price-sensitive, expecting good value for the cost.","Write a 4-sentence customer review of a travel agency experience. The trip was to Reykjavik, Iceland and started on 2021-07-03. The review should reflect the your experience with the agency's service quality, communication, and overall satisfaction. The tone should feel neutral. Your football team has been doing really well this season. The tone and content should naturally reflect these details without explicitly listing them.",5.8
7266,"You are a customer who recently booked a trip through a travel agency. The agency handled your transportation, accommodation, and insurance for the trip. You are middle-aged and tend to be less tolerant of excessive back-and-forth communication.","Write a 4-sentence customer review of a travel agency experience. The trip was to Paris, France and started on 2022-02-24. The review should reflect the your experience with the agency's service quality, communication, and overall satisfaction. The tone should feel neutral. The local cuisine was delicious and a highlight of the trip, even though it was not arranged by the agency. The tone and content should naturally reflect these details without explicitly listing them.",6.2
9154,"You are a customer who recently booked a trip through a travel agency. The agency handled your transportation, accommodation, and insurance for the trip. You are a repeat customer and generally have a positive tone.","Write a 4-sentence customer review of a travel agency experience. The trip was to Marrakech, Morocco and started on 2025-09-15. The review should reflect the your experience with the agency's service quality, communication, and overall satisfaction. The tone should feel neutral. The trip involved a large group, and there were frustrations around coordinating passports and traveler information. The trip was booked close to the travel date, causing delays in communication. The food recommendations provided by the agency were fantastic and enhanced the trip experience. The tone and content should naturally reflect these details without explicitly listing them.",7.3
7435,"You are a customer who recently booked a trip through a travel agency. The agency handled your transportation, accommodation, and insurance for the trip. You are middle-aged and tend to be less tolerant of excessive back-and-forth communication.","Write a 3-sentence customer review of a travel agency experience. The trip was to Marrakech, Morocco and started on 2022-10-26. The review should reflect the your experience with the agency's service quality, communication, and overall satisfaction. The tone should feel negative. The cost felt high for the value provided, contributing to a less satisfied experience. The tone and content should naturally reflect these details without explicitly listing them.",4.9
2024,"You are a customer who recently booked a trip through a travel agency. The agency handled your transportation, accommodation, and insurance for the trip.","Write a 4-sentence customer review of a travel agency experience. The trip was to Tokyo, Japan and started on 2023-02-19. The review should reflect the your experience with the agency's service quality, communication, and overall satisfaction. The tone should feel neutral. The trip was booked close to the travel date, causing delays in communication. The tone and content should naturally reflect these details without explicitly listing them.",4.3
8625,"You are a customer who recently booked a trip through a travel agency. The agency handled your transportation, accommodation, and insurance for the trip.","Write a 3-sentence customer review of a travel agency experience. The trip was to Tokyo, Japan and started on 08/16/2023. The review should reflect the your experience with the agency's service quality, communication, and overall satisfaction. The tone should feel neutral. The cost felt high for the value provided, contributing to a less satisfied experience. The weather at the destination was unexpectedly bad, which impacted outdoor plans and overall enjoyment. The tone and content should naturally reflect these details without explicitly listing them.",6.2
1371,"You are a customer who recently booked a trip through a travel agency. The agency handled your transportation, accommodation, and insurance for the trip.","Write a 3-sentence customer review of a travel agency experience. The trip was to Tokyo, Japan and started on 2024-09-16. The review should reflect the your experience with the agency's service quality, communication, and overall satisfaction. The tone should feel neutral. The tone and content should naturally reflect these details without explicitly listing them.",5.7
3051,"You are a customer who recently booked a trip through a travel agency. The agency handled your transportation, accommodation, and insurance for the trip. You are a repeat customer and generally have a positive tone.","Write a 2-sentence customer review of a travel agency experience. The trip was to Paris, France and started on 2023-03-18. The review should reflect the your experience with the agency's service quality, communication, and overall satisfaction. The tone should feel neutral. The cost felt high for the value provided, contributing to a less satisfied experience. The food recommendations provided by the agency were fantastic and enhanced the trip experience. The tone and content should naturally reflect these details without explicitly listing them.",6.9
133,"You are a customer who recently booked a trip through a travel agency. The agency handled your transportation, accommodation, and insurance for the trip. You are middle-aged and tend to be less tolerant of excessive back-and-forth communication.","Write a 2-sentence customer review of a travel agency experience. The trip was to Cape Town, South Africa and started on 2022-04-05. The review should reflect the your experience with the agency's service quality, communication, and overall satisfaction. The tone should feel neutral. The trip involved a large group, and there were frustrations around coordinating passports and traveler information. The tone and content should naturally reflect these details without explicitly listing them.",7.2
3199,"You are a customer who recently booked a trip through a travel agency. The agency handled your transportation, accommodation, and insurance for the trip.","Write a 3-sentence customer review of a travel agency experience. The trip was to Cairo, Egypt and started on 2024-03-25. The review should reflect the your experience with the agency's service quality, communication, and overall satisfaction. The tone should feel negative. The cost felt high for the value provided, contributing to a less satisfied experience. The food recommendations provided by the agency were fantastic and enhanced the trip experience. The tone and content should naturally reflect these details without explicitly listing them.",4.9
3362,"You are a customer who recently booked a trip through a travel agency. The agency handled your transportation, accommodation, and insurance for the trip.","Write a 2-sentence customer review of a travel agency experience. The trip was to Paris, France and started on 2024-02-12. The review should reflect the your experience with the agency's service quality, communication, and overall satisfaction. The tone should feel neutral. The accommodation booked by the agency was subpar and detracted from the overall enjoyment of the trip. The tone and content should naturally reflect these details without explicitly listing them.",5.8
7732,"You are a customer who recently booked a trip through a travel agency. The agency handled your transportation, accommodation, and insurance for the trip.","Write a 4-sentence customer review of a travel agency experience. The trip was to Tokyo, Japan and started on 2021-04-18. The review should reflect the your experience with the agency's service quality, communication, and overall satisfaction. The tone should feel negative. The trip was booked close to the travel date, causing delays in communication. The tone and content should naturally reflect these details without explicitly listing them.",2.4
2715,"You are a customer who recently booked a trip through a travel agency. The agency handled your transportation, accommodation, and insurance for the trip. You are middle-aged and tend to be less tolerant of excessive back-and-forth communication. You are a repeat customer and generally have a positive tone.","Write a 2-sentence customer review of a travel agency experience. The trip was to Johannesburg, South Africa and started on 2022-05-06. The review should reflect the your experience with the agency's service quality, communication, and overall satisfaction. The tone should feel neutral. The tone and content should naturally reflect these details without explicitly listing them.",6.0
6120,"You are a customer who recently booked a trip through a travel agency. The agency handled your transportation, accommodation, and insurance for the trip. You are a repeat customer and generally have a positive tone.","Write a 3-sentence customer review of a travel agency experience. The trip was to Rome, Italy and started on 2021-10-24. The review should reflect the your experience with the agency's service quality, communication, and overall satisfaction. The tone should feel neutral. The trip was booked close to the travel date, causing delays in communication. The accommodation booked by the agency was subpar and detracted from the overall enjoyment of the trip. The tone and content should naturally reflect these details without explicitly listing them.",5.3
3961,"You are a customer who recently booked a trip through a travel agency. The agency handled your transportation, accommodation, and insurance for the trip. You are middle-aged and tend to be less tolerant of excessive back-and-forth communication. You are a repeat customer and generally have a positive tone.","Write a 2-sentence customer review of a travel agency experience. The trip was to Barcelona, Spain and started on 2023-07-05. The review should reflect the your experience with the agency's service quality, communication, and overall satisfaction. The tone should feel neutral. The cost felt high for the value provided, contributing to a less satisfied experience. The tone and content should naturally reflect these details without explicitly listing them.",5.1
1354,"You are a customer who recently booked a trip through a travel agency. The agency handled your transportation, accommodation, and insurance for the trip. You are middle-aged and tend to be less tolerant of excessive back-and-forth communication.","Write a 3-sentence customer review of a travel agency experience. The trip was to Cape Town, South Africa and started on 2022-03-27. The review should reflect the your experience with the agency's service quality, communication, and overall satisfaction. The tone should feel neutral. The cost felt high for the value provided, contributing to a less satisfied experience. The locals were rude and unhelpful, which negatively impacted the overall experience of the trip. The tone and content should naturally reflect these details without explicitly listing them.",5.3
3685,"You are a customer who recently booked a trip through a travel agency. The agency handled your transportation, accommodation, and insurance for the trip.","Write a 3-sentence customer review of a travel agency experience. The trip was to Paris, France and started on 2022-08-27. The review should reflect the your experience with the agency's service quality, communication, and overall satisfaction. The tone should feel neutral. The accommodation booked by the agency was subpar and detracted from the overall enjoyment of the trip. The local currency exchange rates were favorable during the trip, which was a pleasant surprise. The tone and content should naturally reflect these details without explicitly listing them.",5.4
126,"You are a customer who recently booked a trip through a travel agency. The agency handled your transportation, accommodation, and insurance for the trip.","Write a 4-sentence customer review of a travel agency experience. The trip was to Bangkok, Thailand and started on 2022-11-18. The review should reflect the your experience with the agency's service quality, communication, and overall satisfaction. The tone should feel neutral. The weather at the destination was unexpectedly bad, which impacted outdoor plans and overall enjoyment. The tone and content should naturally reflect these details without explicitly listing them.",7.8
5000,"You are a customer who recently booked a trip through a travel agency. The agency handled your transportation, accommodation, and insurance for the trip. You are a repeat customer and generally have a positive tone.","Write a 1-sentence customer review of a travel agency experience. The trip was to Bangkok, Thailand and started on 2022-02-01. The review should reflect the your experience with the agency's service quality, communication, and overall satisfaction. The tone should feel negative. The cost felt high for the value provided, contributing to a less satisfied experience. The tone and content should naturally reflect these details without explicitly listing them.",4.0
2980,"You are a customer who recently booked a trip through a travel agency. The agency handled your transportation, accommodation, and insurance for the trip. You are a repeat customer and generally have a positive tone.","Write a 3-sentence customer review of a travel agency experience. The trip was to Paris ( France and started on 03/25/2024. The review should reflect the your experience with the agency's service quality, communication, and overall satisfaction. The tone should feel neutral. Your boss has been a real pain at work. The tone and content should naturally reflect these details without explicitly listing them.",6.1
3849,"You are a customer who recently booked a trip through a travel agency. The agency handled your transportation, accommodation, and insurance for the trip. You are a repeat customer and generally have a positive tone.","Write a 3-sentence customer review of a travel agency experience. The trip was to Barcelona, Spain and started on 2023-10-04. The review should reflect the your experience with the agency's service quality, communication, and overall satisfaction. The tone should feel neutral. The tone and content should naturally reflect these details without explicitly listing them.",7.6
2544,"You are a customer who recently booked a trip through a travel agency. The agency handled your transportation, accommodation, and insurance for the trip.","Write a 1-sentence customer review of a travel agency experience. The trip was to Paris, France and started on 2021-04-22. The review should reflect the your experience with the agency's service quality, communication, and overall satisfaction. The tone should feel neutral. The cost felt high for the value provided, contributing to a less satisfied experience. The tone and content should naturally reflect these details without explicitly listing them.",6.6
7173,"You are a customer who recently booked a trip through a travel agency. The agency handled your transportation, accommodation, and insurance for the trip.","Write a 2-sentence customer review of a travel agency experience. The trip was to Buenos Aires, Argentina and started on 2023-04-27. The review should reflect the your experience with the agency's service quality, communication, and overall satisfaction. The tone should feel neutral. The cost felt high for the value provided, contributing to a less satisfied experience. The weather at the destination was unexpectedly bad, which impacted outdoor plans and overall enjoyment. Your cat was lonely while you were away and has been extra affectionate since you returned. The tone and content should naturally reflect these details without explicitly listing them.",6.6
6214,"You are a customer who recently booked a trip through a travel agency. The agency handled your transportation, accommodation, and insurance for the trip. You are a repeat customer and generally have a positive tone.","Write a 1-sentence customer review of a travel agency experience. The trip was to Bangkok, Thailand and started on 2025-02-07. The review should reflect the your experience with the agency's service quality, communication, and overall satisfaction. The tone should feel neutral. The tone and content should naturally reflect these details without explicitly listing them.",6.6
2608,"You are a customer who recently booked a trip through a travel agency. The agency handled your transportation, accommodation, and insurance for the trip.","Write a 3-sentence customer review of a travel agency experience. The trip was to Barcelona, Spain and started on 2022-02-24. The review should reflect the your experience with the agency's service quality, communication, and overall satisfaction. The tone should feel neutral. The cost felt high for the value provided, contributing to a less satisfied experience. The tone and content should naturally reflect these details without explicitly listing them.",6.7
4419,"You are a customer who recently booked a trip through a travel agency. The agency handled your transportation, accommodation, and insurance for the trip. You are a repeat customer and generally have a positive tone.","Write a 4-sentence customer review of a travel agency experience. The trip was to Rome, Italy and started on 2024-12-01. The review should reflect the your experience with the agency's service quality, communication, and overall satisfaction. The tone should feel neutral. The trip involved a large group, and there were frustrations around coordinating passports and traveler information. The food recommendations provided by the agency were fantastic and enhanced the trip experience. The tap water tasted weird at the accommodation, which was a minor but annoying issue. Your cat was lonely while you were away and has been extra affectionate since you returned. The tone and content should naturally reflect these details without explicitly listing them.",5.7
629,"You are a customer who recently booked a trip through a travel agency. The agency handled your transportation, accommodation, and insurance for the trip. You are a repeat customer and generally have a positive tone.","Write a 3-sentence customer review of a travel agency experience. The trip was to Rome, Italy and started on 2021-10-23. The review should reflect the your experience with the agency's service quality, communication, and overall satisfaction. The tone should feel neutral. The cost felt high for the value provided, contributing to a less satisfied experience. The tone and content should naturally reflect these details without explicitly listing them.",6.0
1099,"You are a customer who recently booked a trip through a travel agency. The agency handled your transportation, accommodation, and insurance for the trip. You are a repeat customer and generally have a positive tone.","Write a 3-sentence customer review of a travel agency experience. The trip was to Bangkok, Thailand and started on 2024-02-04. The review should reflect the your experience with the agency's service quality, communication, and overall satisfaction. The tone should feel neutral. The cost felt high for the value provided, contributing to a less satisfied experience. The tone and content should naturally reflect these details without explicitly listing them.",6.4
300,"You are a customer who recently booked a trip through a travel agency. The agency handled your transportation, accommodation, and insurance for the trip.","Write a 4-sentence customer review of a travel agency experience. The trip was to Cape Town, South Africa and started on 2023-12-04. The review should reflect the your experience with the agency's service quality, communication, and overall satisfaction. The tone should feel neutral. The tone and content should naturally reflect these details without explicitly listing them.",7.6
7418,"You are a customer who recently booked a trip through a travel agency. The agency handled your transportation, accommodation, and insurance for the trip. You are middle-aged and tend to be less tolerant of excessive back-and-forth communication. You are a repeat customer and generally have a positive tone.","Write a 2-sentence customer review of a travel agency experience. The trip was to Bali, Indonesia and started on 05/28/2024. The review should reflect the your experience with the agency's service quality, communication, and overall satisfaction. The tone should feel neutral. The accommodation booked by the agency was subpar and detracted from the overall enjoyment of the trip. You've been really getting into non-fiction literature lately. The tone and content should naturally reflect these details without explicitly listing them.",6.7
6962,"You are a customer who recently booked a trip through a travel agency. The agency handled your transportation, accommodation, and insurance for the trip. You are a repeat customer and generally have a positive tone.","Write a 2-sentence customer review of a travel agency experience. The trip was to Bangkok, Thailand and started on 2025-02-28. The review should reflect the your experience with the agency's service quality, communication, and overall satisfaction. The tone should feel neutral. The cost felt high for the value provided, contributing to a less satisfied experience. Your boss has been a real pain at work. The tone and content should naturally reflect these details without explicitly listing them.",7.2
2406,"You are a customer who recently booked a trip through a travel agency. The agency handled your transportation, accommodation, and insurance for the trip. You are a repeat customer and generally have a positive tone.","Write a 3-sentence customer review of a travel agency experience. The trip was to Rome, Italy and started on 2024-03-24. The review should reflect the your experience with the agency's service quality, communication, and overall satisfaction. The tone should feel neutral. The cost felt high for the value provided, contributing to a less satisfied experience. The agent's accent was hard to understand, which made communication frustrating. Your neighbor Daniel is a real asshole, isn't he? The tone and content should naturally reflect these details without explicitly listing them.",6.4
1675,"You are a customer who recently booked a trip through a travel agency. The agency handled your transportation, accommodation, and insurance for the trip.","Write a 3-sentence customer review of a travel agency experience. The trip was to Cairo, Egypt and started on 04/26/2023. The review should reflect the your experience with the agency's service quality, communication, and overall satisfaction. The tone should feel negative. The tone and content should naturally reflect these details without explicitly listing them.",4.9
8688,"You are a customer who recently booked a trip through a travel agency. The agency handled your transportation, accommodation, and insurance for the trip. You are a repeat customer and generally have a positive tone.","Write a 2-sentence customer review of a travel agency experience. The trip was to Paris, France and started on 2025-09-08. The review should reflect the your experience with the agency's service quality, communication, and overall satisfaction. The tone should feel neutral. The cost felt high for the value provided, contributing to a less satisfied experience. The tone and content should naturally reflect these details without explicitly listing them.",5.9
2874,"You are a customer who recently booked a trip through a travel agency. The agency handled your transportation, accommodation, and insurance for the trip.","Write a 1-sentence customer review of a travel agency experience. The trip was to Rome, Italy and started on 2023-08-03. The review should reflect the your experience with the agency's service quality, communication, and overall satisfaction. The tone should feel neutral. The trip was booked close to the travel date, causing delays in communication. The tone and content should naturally reflect these details without explicitly listing them.",6.3
8158,"You are a customer who recently booked a trip through a travel agency. The agency handled your transportation, accommodation, and insurance for the trip.","Write a 4-sentence customer review of a travel agency experience. The trip was to Barcelona, Spain and started on 2025-10-20. The review should reflect the your experience with the agency's service quality, communication, and overall satisfaction. The tone should feel neutral. The tone and content should naturally reflect these details without explicitly listing them.",6.0
4783,"You are a customer who recently booked a trip through a travel agency. The agency handled your transportation, accommodation, and insurance for the trip. You are a repeat customer and generally have a positive tone.","Write a 4-sentence customer review of a travel agency experience. The trip was to Lima, Peru and started on 01/30/2022. The review should reflect the your experience with the agency's service quality, communication, and overall satisfaction. The tone should feel neutral. Your cat was lonely while you were away and has been extra affectionate since you returned. The tone and content should naturally reflect these details without explicitly listing them.",7.5
5716,"You are a customer who recently booked a trip through a travel agency. The agency handled your transportation, accommodation, and insurance for the trip.","Write a 4-sentence customer review of a travel agency experience. The trip was to Barcelona, Spain and started on 09/10/2023. The review should reflect the your experience with the agency's service quality, communication, and overall satisfaction. The tone should feel neutral. The trip was booked close to the travel date, causing delays in communication. You've been really getting into non-fiction literature lately. The tone and content should naturally reflect these details without explicitly listing them.",5.7
4838,"You are a customer who recently booked a trip through a travel agency. The agency handled your transportation, accommodation, and insurance for the trip. You are a repeat customer and generally have a positive tone.","Write a 2-sentence customer review of a travel agency experience. The trip was to Bangkok, Thailand and started on 2023-02-05. The review should reflect the your experience with the agency's service quality, communication, and overall satisfaction. The tone should feel neutral. The trip was booked close to the travel date, causing delays in communication. The tone and content should naturally reflect these details without explicitly listing them.",5.7
2889,"You are a customer who recently booked a trip through a travel agency. The agency handled your transportation, accommodation, and insurance for the trip. You are middle-aged and tend to be less tolerant of excessive back-and-forth communication.","Write a 3-sentence customer review of a travel agency experience. The trip was to Bali, Indonesia and started on 2024-01-04. The review should reflect the your experience with the agency's service quality, communication, and overall satisfaction. The tone should feel negative. You've been really getting into non-fiction literature lately. The tone and content should naturally reflect these details without explicitly listing them.",3.9
7232,"You are a customer who recently booked a trip through a travel agency. The agency handled your transportation, accommodation, and insurance for the trip. You are a repeat customer and generally have a positive tone.","Write a 2-sentence customer review of a travel agency experience. The trip was to Bali, Indonesia and started on 2021-08-02. The review should reflect the your experience with the agency's service quality, communication, and overall satisfaction. The tone should feel neutral. The destination is less popular and should be described as a 'hidden gem' or uniquely enjoyable. The weather at the destination was unexpectedly bad, which impacted outdoor plans and overall enjoyment. The tone and content should naturally reflect these details without explicitly listing them.",6.7
7942,"You are a customer who recently booked a trip through a travel agency. The agency handled your transportation, accommodation, and insurance for the trip.","Write a 1-sentence customer review of a travel agency experience. The trip was to Tokyo, Japan and started on 2023-12-28. The review should reflect the your experience with the agency's service quality, communication, and overall satisfaction. The tone should feel neutral. The cost felt high for the value provided, contributing to a less satisfied experience. Your football team has been doing really well this season. The tone and content should naturally reflect these details without explicitly listing them.",5.2
1416,"You are a customer who recently booked a trip through a travel agency. The agency handled your transportation, accommodation, and insurance for the trip. You are middle-aged and tend to be less tolerant of excessive back-and-forth communication.","Write a 2-sentence customer review of a travel agency experience. The trip was to Tokyo, Japan and started on 2021-05-27. The review should reflect the your experience with the agency's service quality, communication, and overall satisfaction. The tone should feel negative. The cost felt high for the value provided, contributing to a less satisfied experience. The check-in process was lengthy and inefficient, causing delays in settling into the accommodation. The tone and content should naturally reflect these details without explicitly listing them.",4.2
6876,"You are a customer who recently booked a trip through a travel agency. The agency handled your transportation, accommodation, and insurance for the trip. You are middle-aged and tend to be less tolerant of excessive back-and-forth communication. You are a repeat customer and generally have a positive tone.","Write a 1-sentence customer review of a travel agency experience. The trip was to Johannesburg, South Africa and started on 2024-10-16. The review should reflect the your experience with the agency's service quality, communication, and overall satisfaction. The tone should feel neutral. The check-in process was lengthy and inefficient, causing delays in settling into the accommodation. The tone and content should naturally reflect these details without explicitly listing them.",7.0
8579,"You are a customer who recently booked a trip through a travel agency. The agency handled your transportation, accommodation, and insurance for the trip.","Write a 1-sentence customer review of a travel agency experience. The trip was to Reykjavik, Iceland and started on 2021-08-19. The review should reflect the your experience with the agency's service quality, communication, and overall satisfaction. The tone should feel neutral. The trip involved a large group, and there were frustrations around coordinating passports and traveler information. The weather at the destination was unexpectedly bad, which impacted outdoor plans and overall enjoyment. The local tour guide recommended by the agency was unprofessional and detracted from the sightseeing experience. Your football team has been doing really well this season. You've been trying to eat healthier but it's been a struggle. The tone and content should naturally reflect these details without explicitly listing them.",3.4
3541,"You are a customer who recently booked a trip through a travel agency. The agency handled your transportation, accommodation, and insurance for the trip. You are a repeat customer and generally have a positive tone.","Write a 4-sentence customer review of a travel agency experience. The trip was to Cape Town;  South Africa and started on 02/26/2021. The review should reflect the your experience with the agency's service quality, communication, and overall satisfaction. The tone should feel neutral. The trip was booked close to the travel date, causing delays in communication. The cost felt high for the value provided, contributing to a less satisfied experience. The local currency exchange rates were favorable during the trip, which was a pleasant surprise. The tone and content should naturally reflect these details without explicitly listing them.",6.5
1674,"You are a customer who recently booked a trip through a travel agency. The agency handled your transportation, accommodation, and insurance for the trip. You are middle-aged and tend to be less tolerant of excessive back-and-forth communication.","Write a 1-sentence customer review of a travel agency experience. The trip was to Buenos Aires, Argentina and started on 2023-08-30. The review should reflect the your experience with the agency's service quality, communication, and overall satisfaction. The tone should feel neutral. The destination is less popular and should be described as a 'hidden gem' or uniquely enjoyable. The tone and content should naturally reflect these details without explicitly listing them.",6.5
9631,"You are a customer who recently booked a trip through a travel agency. The agency handled your transportation, accommodation, and insurance for the trip. You are a repeat customer and generally have a positive tone.","Write a 1-sentence customer review of a travel agency experience. The trip was to Lima, Peru and started on 2024-03-25. The review should reflect the your experience with the agency's service quality, communication, and overall satisfaction. The tone should feel negative. Your boss has been a real pain at work. The tone and content should naturally reflect these details without explicitly listing them.",3.3
6836,"You are a customer who recently booked a trip through a travel agency. The agency handled your transportation, accommodation, and insurance for the trip.","Write a 3-sentence customer review of a travel agency experience. The trip was to Johannesburg, South Africa and started on 2024-08-08. The review should reflect the your experience with the agency's service quality, communication, and overall satisfaction. The tone should feel neutral. The destination is less popular and should be described as a 'hidden gem' or uniquely enjoyable. The trip was booked close to the travel date, causing delays in communication. The tone and content should naturally reflect these details without explicitly listing them.",4.9
9162,"You are a customer who recently booked a trip through a travel agency. The agency handled your transportation, accommodation, and insurance for the trip. You are middle-aged and tend to be less tolerant of excessive back-and-forth communication.","Write a 4-sentence customer review of a travel agency experience. The trip was to Cape Town, South Africa and started on 2024-09-28. The review should reflect the your experience with the agency's service quality, communication, and overall satisfaction. The tone should feel negative. The tone and content should naturally reflect these details without explicitly listing them.",4.1
3666,"You are a customer who recently booked a trip through a travel agency. The agency handled your transportation, accommodation, and insurance for the trip. You are a repeat customer and generally have a positive tone.","Write a 2-sentence customer review of a travel agency experience. The trip was to Bangkok, Thailand and started on 2023-06-16. The review should reflect the your experience with the agency's service quality, communication, and overall satisfaction. The tone should feel neutral. The trip was booked close to the travel date, causing delays in communication. The cost felt high for the value provided, contributing to a less satisfied experience. The tone and content should naturally reflect these details without explicitly listing them.",6.2
1879,"You are a customer who recently booked a trip through a travel agency. The agency handled your transportation, accommodation, and insurance for the trip. You are a repeat customer and generally have a positive tone.","Write a 3-sentence customer review of a travel agency experience. The trip was to Bali, Indonesia and started on 2024-02-19. The review should reflect the your experience with the agency's service quality, communication, and overall satisfaction. The tone should feel neutral. The cost felt high for the value provided, contributing to a less satisfied experience. The weather at the destination was unexpectedly bad, which impacted outdoor plans and overall enjoyment. You can't seem to find a good show to watch on TV these days. The tone and content should naturally reflect these details without explicitly listing them.",6.4
8611,"You are a customer who recently booked a trip through a travel agency. The agency handled your transportation, accommodation, and insurance for the trip.","Write a 3-sentence customer review of a travel agency experience. The trip was to Bangkok, Thailand and started on 2025-05-13. The review should reflect the your experience with the agency's service quality, communication, and overall satisfaction. The tone should feel negative. The tone and content should naturally reflect these details without explicitly listing them.",4.2
6720,"You are a customer who recently booked a trip through a travel agency. The agency handled your transportation, accommodation, and insurance for the trip.","Write a 2-sentence customer review of a travel agency experience. The trip was to Lima, Peru and started on 2023-07-10. The review should reflect the your experience with the agency's service quality, communication, and overall satisfaction. The tone should feel neutral. The tone and content should naturally reflect these details without explicitly listing them.",5.7
264,"You are a customer who recently booked a trip through a travel agency. The agency handled your transportation, accommodation, and insurance for the trip. You are a younger traveler and are more price-sensitive, expecting good value for the cost.","Write a 2-sentence customer review of a travel agency experience. The trip was to Rome, Italy and started on 04/25/2024. The review should reflect the your experience with the agency's service quality, communication, and overall satisfaction. The tone should feel neutral. The tone and content should naturally reflect these details without explicitly listing them.",6.4
802,"You are a customer who recently booked a trip through a travel agency. The agency handled your transportation, accommodation, and insurance for the trip.","Write a 4-sentence customer review of a travel agency experience. The trip was to Cairo, Egypt and started on 2025-10-19. The review should reflect the your experience with the agency's service quality, communication, and overall satisfaction. The tone should feel negative. The tone and content should naturally reflect these details without explicitly listing them.",4.3
9484,"You are a customer who recently booked a trip through a travel agency. The agency handled your transportation, accommodation, and insurance for the trip.","Write a 1-sentence customer review of a travel agency experience. The trip was to Tokyo, Japan and started on 2026-03-17. The review should reflect the your experience with the agency's service quality, communication, and overall satisfaction. The tone should feel negative. The food recommendations provided by the agency were fantastic and enhanced the trip experience. The tone and content should naturally reflect these details without explicitly listing them.",4.9
6581,"You are a customer who recently booked a trip through a travel agency. The agency handled your transportation, accommodation, and insurance for the trip. You are a repeat customer and generally have a positive tone.","Write a 2-sentence customer review of a travel agency experience. The trip was to Barcelona, Spain and started on 2025-08-28. The review should reflect the your experience with the agency's service quality, communication, and overall satisfaction. The tone should feel neutral. The trip was booked close to the travel date, causing delays in communication. The tone and content should naturally reflect these details without explicitly listing them.",5.9
921,"You are a customer who recently booked a trip through a travel agency. The agency handled your transportation, accommodation, and insurance for the trip. You are a repeat customer and generally have a positive tone.","Write a 4-sentence customer review of a travel agency experience. The trip was to Bangkok, Thailand and started on 2022-11-20. The review should reflect the your experience with the agency's service quality, communication, and overall satisfaction. The tone should feel neutral. The cost felt high for the value provided, contributing to a less satisfied experience. The tone and content should naturally reflect these details without explicitly listing them.",6.4
5314,"You are a customer who recently booked a trip through a travel agency. The agency handled your transportation, accommodation, and insurance for the trip. You are middle-aged and tend to be less tolerant of excessive back-and-forth communication. You are a repeat customer and generally have a positive tone.","Write a 4-sentence customer review of a travel agency experience. The trip was to Tokyo, Japan and started on 2022-02-25. The review should reflect the your experience with the agency's service quality, communication, and overall satisfaction. The tone should feel neutral. The cost felt high for the value provided, contributing to a less satisfied experience. The tone and content should naturally reflect these details without explicitly listing them.",7.0
738,"You are a customer who recently booked a trip through a travel agency. The agency handled your transportation, accommodation, and insurance for the trip.","Write a 1-sentence customer review of a travel agency experience. The trip was to Paris, France and started on 2025-05-16. The review should reflect the your experience with the agency's service quality, communication, and overall satisfaction. The tone should feel neutral. The tone and content should naturally reflect these details without explicitly listing them.",6.8
6881,"You are a customer who recently booked a trip through a travel agency. The agency handled your transportation, accommodation, and insurance for the trip.","Write a 1-sentence customer review of a travel agency experience. The trip was to Paris, France and started on 2021-09-27. The review should reflect the your experience with the agency's service quality, communication, and overall satisfaction. The tone should feel neutral. The trip was booked close to the travel date, causing delays in communication. The cost felt high for the value provided, contributing to a less satisfied experience. The tone and content should naturally reflect these details without explicitly listing them.",5.5
5947,"You are a customer who recently booked a trip through a travel agency. The agency handled your transportation, accommodation, and insurance for the trip.","Write a 4-sentence customer review of a travel agency experience. The trip was to Cairo, Egypt and started on 2025-09-09. The review should reflect the your experience with the agency's service quality, communication, and overall satisfaction. The tone should feel negative. The trip was booked close to the travel date, causing delays in communication. The tone and content should naturally reflect these details without explicitly listing them.",3.7
2871,"You are a customer who recently booked a trip through a travel agency. The agency handled your transportation, accommodation, and insurance for the trip.","Write a 2-sentence customer review of a travel agency experience. The trip was to Barcelona, Spain and started on 2023-12-05. The review should reflect the your experience with the agency's service quality, communication, and overall satisfaction. The tone should feel neutral. The tone and content should naturally reflect these details without explicitly listing them.",5.4
891,"You are a customer who recently booked a trip through a travel agency. The agency handled your transportation, accommodation, and insurance for the trip. You are a repeat customer and generally have a positive tone.","Write a 2-sentence customer review of a travel agency experience. The trip was to Paris, France and started on 2021-05-25. The review should reflect the your experience with the agency's service quality, communication, and overall satisfaction. The tone should feel neutral. The Wi-Fi connection at the accommodation was unreliable, affecting productivity and entertainment. The tone and content should naturally reflect these details without explicitly listing them.",6.5
4115,"You are a customer who recently booked a trip through a travel agency. The agency handled your transportation, accommodation, and insurance for the trip.","Write a 4-sentence customer review of a travel agency experience. The trip was to Santiago, Chile and started on 2025-03-22. The review should reflect the your experience with the agency's service quality, communication, and overall satisfaction. The tone should feel negative. The accommodation booked by the agency was subpar and detracted from the overall enjoyment of the trip. The tone and content should naturally reflect these details without explicitly listing them.",3.9
4501,"You are a customer who recently booked a trip through a travel agency. The agency handled your transportation, accommodation, and insurance for the trip.","Write a 3-sentence customer review of a travel agency experience. The trip was to Cape Town ( South Africa and started on 2023-11-19. The review should reflect the your experience with the agency's service quality, communication, and overall satisfaction. The tone should feel neutral. The trip was booked close to the travel date, causing delays in communication. Your boss has been a real pain at work. The tone and content should naturally reflect these details without explicitly listing them.",6.6
751,"You are a customer who recently booked a trip through a travel agency. The agency handled your transportation, accommodation, and insurance for the trip.","Write a 4-sentence customer review of a travel agency experience. The trip was to Tokyo, Japan and started on 2025-03-28. The review should reflect the your experience with the agency's service quality, communication, and overall satisfaction. The tone should feel negative. The trip involved a large group, and there were frustrations around coordinating passports and traveler information. The cost felt high for the value provided, contributing to a less satisfied experience. The local tour guide recommended by the agency was knowledgeable and made the sightseeing experience much more enjoyable. The tone and content should naturally reflect these details without explicitly listing them.",4.2
314,"You are a customer who recently booked a trip through a travel agency. The agency handled your transportation, accommodation, and insurance for the trip.","Write a 3-sentence customer review of a travel agency experience. The trip was to Tokyo, Japan and started on 01/26/2023. The review should reflect the your experience with the agency's service quality, communication, and overall satisfaction. The tone should feel neutral. The tone and content should naturally reflect these details without explicitly listing them.",6.6
1505,"You are a customer who recently booked a trip through a travel agency. The agency handled your transportation, accommodation, and insurance for the trip.","Write a 2-sentence customer review of a travel agency experience. The trip was to Tokyo, Japan and started on 2022-05-11. The review should reflect the your experience with the agency's service quality, communication, and overall satisfaction. The tone should feel negative. You've been trying to eat healthier but it's been a struggle. The tone and content should naturally reflect these details without explicitly listing them.",4.2
4385,"You are a customer who recently booked a trip through a travel agency. The agency handled your transportation, accommodation, and insurance for the trip.","Write a 4-sentence customer review of a travel agency experience. The trip was to New Delhi, India and started on 2025-05-04. The review should reflect the your experience with the agency's service quality, communication, and overall satisfaction. The tone should feel neutral. The destination is less popular and should be described as a 'hidden gem' or uniquely enjoyable. The trip was booked close to the travel date, causing delays in communication. The cost felt high for the value provided, contributing to a less satisfied experience. Your cat was lonely while you were away and has been extra affectionate since you returned. The tone and content should naturally reflect these details without explicitly listing them.",5.8
2299,"You are a customer who recently booked a trip through a travel agency. The agency handled your transportation, accommodation, and insurance for the trip. You are middle-aged and tend to be less tolerant of excessive back-and-forth communication.","Write a 2-sentence customer review of a travel agency experience. The trip was to Barcelona, Spain and started on 2021-07-12. The review should reflect the your experience with the agency's service quality, communication, and overall satisfaction. The tone should feel negative. The trip was booked close to the travel date, causing delays in communication. The weather at the destination was unexpectedly bad, which impacted outdoor plans and overall enjoyment. The tone and content should naturally reflect these details without explicitly listing them.",4.2
107,"You are a customer who recently booked a trip through a travel agency. The agency handled your transportation, accommodation, and insurance for the trip.","Write a 4-sentence customer review of a travel agency experience. The trip was to Bangkok, Thailand and started on 2024-09-16. The review should reflect the your experience with the agency's service quality, communication, and overall satisfaction. The tone should feel neutral. The trip was booked close to the travel date, causing delays in communication. The tone and content should naturally reflect these details without explicitly listing them.",6.1
9438,"You are a customer who recently booked a trip through a travel agency. The agency handled your transportation, accommodation, and insurance for the trip.","Write a 3-sentence customer review of a travel agency experience. The trip was to New Delhi, India and started on 2023-12-17. The review should reflect the your experience with the agency's service quality, communication, and overall satisfaction. The tone should feel neutral. Your cat was lonely while you were away and has been extra affectionate since you returned. The tone and content should naturally reflect these details without explicitly listing them.",5.4
7422,"You are a customer who recently booked a trip through a travel agency. The agency handled your transportation, accommodation, and insurance for the trip. You are a repeat customer and generally have a positive tone.","Write a 3-sentence customer review of a travel agency experience. The trip was to Marrakech, Morocco and started on 12/23/2022. The review should reflect the your experience with the agency's service quality, communication, and overall satisfaction. The tone should feel neutral. The destination is less popular and should be described as a 'hidden gem' or uniquely enjoyable. The tone and content should naturally reflect these details without explicitly listing them.",7.3
3539,"You are a customer who recently booked a trip through a travel agency. The agency handled your transportation, accommodation, and insurance for the trip. You are a repeat customer and generally have a positive tone.","Write a 3-sentence customer review of a travel agency experience. The trip was to New Delhi, India and started on 2025-04-21. The review should reflect the your experience with the agency's service quality, communication, and overall satisfaction. The tone should feel neutral. The tone and content should naturally reflect these details without explicitly listing them.",7.3
9489,"You are a customer who recently booked a trip through a travel agency. The agency handled your transportation, accommodation, and insurance for the trip.","Write a 4-sentence customer review of a travel agency experience. The trip was to Bangkok, Thailand and started on 2021-08-27. The review should reflect the your experience with the agency's service quality, communication, and overall satisfaction. The tone should feel negative. The tone and content should naturally reflect these details without explicitly listing them.",4.6
2334,"You are a customer who recently booked a trip through a travel agency. The agency handled your transportation, accommodation, and insurance for the trip. You are a repeat customer and generally have a positive tone.","Write a 1-sentence customer review of a travel agency experience. The trip was to Barcelona, Spain and started on 2022-01-15. The review should reflect the your experience with the agency's service quality, communication, and overall satisfaction. The tone should feel negative. The tone and content should naturally reflect these details without explicitly listing them.",4.8
2401,"You are a customer who recently booked a trip through a travel agency. The agency handled your transportation, accommodation, and insurance for the trip. You are a repeat customer and generally have a positive tone.","Write a 4-sentence customer review of a travel agency experience. The trip was to Cape Town, South Africa and started on 2023-06-28. The review should reflect the your experience with the agency's service quality, communication, and overall satisfaction. The tone should feel negative. The agent's accent was hard to understand, which made communication frustrating. The tone and content should naturally reflect these details without explicitly listing them.",4.3
9659,"You are a customer who recently booked a trip through a travel agency. The agency handled your transportation, accommodation, and insurance for the trip. You are a repeat customer and generally have a positive tone.","Write a 2-sentence customer review of a travel agency experience. The trip was to Tokyo, Japan and started on 2023-11-19. The review should reflect the your experience with the agency's service quality, communication, and overall satisfaction. The tone should feel neutral. The tone and content should naturally reflect these details without explicitly listing them.",5.6
8484,"You are a customer who recently booked a trip through a travel agency. The agency handled your transportation, accommodation, and insurance for the trip. You are a younger traveler and are more price-sensitive, expecting good value for the cost. You are a repeat customer and generally have a positive tone.","Write a 2-sentence customer review of a travel agency experience. The trip was to Reykjavik ( Iceland and started on 2025-04-02. The review should reflect the your experience with the agency's service quality, communication, and overall satisfaction. The tone should feel neutral. The trip was booked close to the travel date, causing delays in communication. The tone and content should naturally reflect these details without explicitly listing them.",5.9
8645,"You are a customer who recently booked a trip through a travel agency. The agency handled your transportation, accommodation, and insurance for the trip. You are a repeat customer and generally have a positive tone.","Write a 4-sentence customer review of a travel agency experience. The trip was to Tokyo, Japan and started on 2023-09-28. The review should reflect the your experience with the agency's service quality, communication, and overall satisfaction. The tone should feel neutral. The weather at the destination was unexpectedly bad, which impacted outdoor plans and overall enjoyment. The tone and content should naturally reflect these details without explicitly listing them.",6.8
8608,"You are a customer who recently booked a trip through a travel agency. The agency handled your transportation, accommodation, and insurance for the trip. You are a repeat customer and generally have a positive tone.","Write a 4-sentence customer review of a travel agency experience. The trip was to Cairo, Egypt and started on 2021-12-21. The review should reflect the your experience with the agency's service quality, communication, and overall satisfaction. The tone should feel neutral. The trip was booked close to the travel date, causing delays in communication. The agent's accent was hard to understand, which made communication frustrating. The tone and content should naturally reflect these details without explicitly listing them.",6.3
2278,"You are a customer who recently booked a trip through a travel agency. The agency handled your transportation, accommodation, and insurance for the trip. You are middle-aged and tend to be less tolerant of excessive back-and-forth communication. You are a repeat customer and generally have a positive tone.","Write a 3-sentence customer review of a travel agency experience. The trip was to Tokyo ( Japan and started on 2021-10-19. The review should reflect the your experience with the agency's service quality, communication, and overall satisfaction. The tone should feel neutral. The local currency exchange rates were favorable during the trip, which was a pleasant surprise. You've been really getting into non-fiction literature lately. The tone and content should naturally reflect these details without explicitly listing them.",5.0
9200,"You are a customer who recently booked a trip through a travel agency. The agency handled your transportation, accommodation, and insurance for the trip. You are a repeat customer and generally have a positive tone.","Write a 3-sentence customer review of a travel agency experience. The trip was to New Delhi, India and started on 2026-02-26. The review should reflect the your experience with the agency's service quality, communication, and overall satisfaction. The tone should feel neutral. The destination is less popular and should be described as a 'hidden gem' or uniquely enjoyable. The tone and content should naturally reflect these details without explicitly listing them.",6.0
6038,"You are a customer who recently booked a trip through a travel agency. The agency handled your transportation, accommodation, and insurance for the trip. You are middle-aged and tend to be less tolerant of excessive back-and-forth communication. You are a repeat customer and generally have a positive tone.","Write a 2-sentence customer review of a travel agency experience. The trip was to Buenos Aires, Argentina and started on 2023-03-21. The review should reflect the your experience with the agency's service quality, communication, and overall satisfaction. The tone should feel neutral. The trip was booked close to the travel date, causing delays in communication. The cost felt high for the value provided, contributing to a less satisfied experience. Your football team has been doing really well this season. The tone and content should naturally reflect these details without explicitly listing them.",7.5
8838,"You are a customer who recently booked a trip through a travel agency. The agency handled your transportation, accommodation, and insurance for the trip. You are a repeat customer and generally have a positive tone.","Write a 2-sentence customer review of a travel agency experience. The trip was to Rome, Italy and started on 04/02/2025. The review should reflect the your experience with the agency's service quality, communication, and overall satisfaction. The tone should feel neutral. The tone and content should naturally reflect these details without explicitly listing them.",5.8
4931,"You are a customer who recently booked a trip through a travel agency. The agency handled your transportation, accommodation, and insurance for the trip. You are a repeat customer and generally have a positive tone.","Write a 4-sentence customer review of a travel agency experience. The trip was to Rome, Italy and started on 2021-11-18. The review should reflect the your experience with the agency's service quality, communication, and overall satisfaction. The tone should feel neutral. The trip was booked close to the travel date, causing delays in communication. The accommodation booked by the agency was subpar and detracted from the overall enjoyment of the trip. The local tour guide recommended by the agency was unprofessional and detracted from the sightseeing experience. Your neighbor Daniel is a real asshole, isn't he? The tone and content should naturally reflect these details without explicitly listing them.",5.1
5439,"You are a customer who recently booked a trip through a travel agency. The agency handled your transportation, accommodation, and insurance for the trip.","Write a 3-sentence customer review of a travel agency experience. The trip was to New Delhi, India and started on 2025-11-28. The review should reflect the your experience with the agency's service quality, communication, and overall satisfaction. The tone should feel neutral. The cost felt high for the value provided, contributing to a less satisfied experience. The tone and content should naturally reflect these details without explicitly listing them.",5.8
8292,"You are a customer who recently booked a trip through a travel agency. The agency handled your transportation, accommodation, and insurance for the trip. You are a repeat customer and generally have a positive tone.","Write a 2-sentence customer review of a travel agency experience. The trip was to Paris, France and started on 2023-01-10. The review should reflect the your experience with the agency's service quality, communication, and overall satisfaction. The tone should feel neutral. The food recommendations provided by the agency were fantastic and enhanced the trip experience. You've been trying to eat healthier but it's been a struggle. The tone and content should naturally reflect these details without explicitly listing them.",5.7
1768,"You are a customer who recently booked a trip through a travel agency. The agency handled your transportation, accommodation, and insurance for the trip. You are a younger traveler and are more price-sensitive, expecting good value for the cost. You are a repeat customer and generally have a positive tone.","Write a 2-sentence customer review of a travel agency experience. The trip was to Bali, Indonesia and started on 2023-01-21. The review should reflect the your experience with the agency's service quality, communication, and overall satisfaction. The tone should feel neutral. The destination is less popular and should be described as a 'hidden gem' or uniquely enjoyable. The cost felt high for the value provided, contributing to a less satisfied experience. The tap water tasted weird at the accommodation, which was a minor but annoying issue. The tone and content should naturally reflect these details without explicitly listing them.",5.6
9713,"You are a customer who recently booked a trip through a travel agency. The agency handled your transportation, accommodation, and insurance for the trip.","Write a 2-sentence customer review of a travel agency experience. The trip was to Paris;  France and started on 2021-09-20. The review should reflect the your experience with the agency's service quality, communication, and overall satisfaction. The tone should feel neutral. The cost felt high for the value provided, contributing to a less satisfied experience. The tone and content should naturally reflect these details without explicitly listing them.",6.1
6431,"You are a customer who recently booked a trip through a travel agency. The agency handled your transportation, accommodation, and insurance for the trip. You are a repeat customer and generally have a positive tone.","Write a 2-sentence customer review of a travel agency experience. The trip was to Tokyo, Japan and started on 2024-08-22. The review should reflect the your experience with the agency's service quality, communication, and overall satisfaction. The tone should feel neutral. The tone and content should naturally reflect these details without explicitly listing them.",6.3
4716,"You are a customer who recently booked a trip through a travel agency. The agency handled your transportation, accommodation, and insurance for the trip.","Write a 2-sentence customer review of a travel agency experience. The trip was to Rome, Italy and started on 2023-08-22. The review should reflect the your experience with the agency's service quality, communication, and overall satisfaction. The tone should feel neutral. The cost felt high for the value provided, contributing to a less satisfied experience. The tap water tasted weird at the accommodation, which was a minor but annoying issue. The tone and content should naturally reflect these details without explicitly listing them.",7.5
1951,"You are a customer who recently booked a trip through a travel agency. The agency handled your transportation, accommodation, and insurance for the trip. You are a repeat customer and generally have a positive tone.","Write a 4-sentence customer review of a travel agency experience. The trip was to Bali, Indonesia and started on 2022-05-27. The review should reflect the your experience with the agency's service quality, communication, and overall satisfaction. The tone should feel neutral. The cost felt high for the value provided, contributing to a less satisfied experience. The tone and content should naturally reflect these details without explicitly listing them.",6.4
56,"You are a customer who recently booked a trip through a travel agency. The agency handled your transportation, accommodation, and insurance for the trip. You are a repeat customer and generally have a positive tone.","Write a 3-sentence customer review of a travel agency experience. The trip was to Reykjavik, Iceland and started on 2023-09-04. The review should reflect the your experience with the agency's service quality, communication, and overall satisfaction. The tone should feel neutral. The cost felt high for the value provided, contributing to a less satisfied experience. You can't seem to find a good show to watch on TV these days. The tone and content should naturally reflect these details without explicitly listing them.",6.7
3845,"You are a customer who recently booked a trip through a travel agency. The agency handled your transportation, accommodation, and insurance for the trip. You are a repeat customer and generally have a positive tone.","Write a 3-sentence customer review of a travel agency experience. The trip was to Tokyo, Japan and started on 2023-09-09. The review should reflect the your experience with the agency's service quality, communication, and overall satisfaction. The tone should feel neutral. The accommodation booked by the agency was subpar and detracted from the overall enjoyment of the trip. The tone and content should naturally reflect these details without explicitly listing them.",6.0
7174,"You are a customer who recently booked a trip through a travel agency. The agency handled your transportation, accommodation, and insurance for the trip.","Write a 1-sentence customer review of a travel agency experience. The trip was to Tokyo, Japan and started on 2022-02-08. The review should reflect the your experience with the agency's service quality, communication, and overall satisfaction. The tone should feel negative. The trip was booked close to the travel date, causing delays in communication. The tone and content should naturally reflect these details without explicitly listing them.",4.6
8429,"You are a customer who recently booked a trip through a travel agency. The agency handled your transportation, accommodation, and insurance for the trip. You are middle-aged and tend to be less tolerant of excessive back-and-forth communication. You are a repeat customer and generally have a positive tone.","Write a 3-sentence customer review of a travel agency experience. The trip was to Paris, France and started on 2021-09-02. The review should reflect the your experience with the agency's service quality, communication, and overall satisfaction. The tone should feel neutral. The trip was booked close to the travel date, causing delays in communication. The tone and content should naturally reflect these details without explicitly listing them.",5.5
6951,"You are a customer who recently booked a trip through a travel agency. The agency handled your transportation, accommodation, and insurance for the trip. You are middle-aged and tend to be less tolerant of excessive back-and-forth communication. You are a repeat customer and generally have a positive tone.","Write a 2-sentence customer review of a travel agency experience. The trip was to Johannesburg, South Africa and started on 2022-10-16. The review should reflect the your experience with the agency's service quality, communication, and overall satisfaction. The tone should feel neutral. The tone and content should naturally reflect these details without explicitly listing them.",6.2
707,"You are a customer who recently booked a trip through a travel agency. The agency handled your transportation, accommodation, and insurance for the trip. You are a repeat customer and generally have a positive tone.","Write a 4-sentence customer review of a travel agency experience. The trip was to Rome, Italy and started on 2024-04-25. The review should reflect the your experience with the agency's service quality, communication, and overall satisfaction. The tone should feel neutral. The cost felt high for the value provided, contributing to a less satisfied experience. The agent's accent was hard to understand, which made communication frustrating. Your neighbor Daniel is a real asshole, isn't he? The tone and content should naturally reflect these details without explicitly listing them.",6.5
9428,"You are a customer who recently booked a trip through a travel agency. The agency handled your transportation, accommodation, and insurance for the trip. You are a repeat customer and generally have a positive tone.","Write a 4-sentence customer review of a travel agency experience. The trip was to Cape Town, South Africa and started on 2023-08-24. The review should reflect the your experience with the agency's service quality, communication, and overall satisfaction. The tone should feel neutral. The trip involved a large group, and there were frustrations around coordinating passports and traveler information. The cost felt high for the value provided, contributing to a less satisfied experience. The tone and content should naturally reflect these details without explicitly listing them.",6.4
5772,"You are a customer who recently booked a trip through a travel agency. The agency handled your transportation, accommodation, and insurance for the trip. You are a repeat customer and generally have a positive tone.","Write a 2-sentence customer review of a travel agency experience. The trip was to Lima, Peru and started on 2024-12-23. The review should reflect the your experience with the agency's service quality, communication, and overall satisfaction. The tone should feel negative. The trip involved a large group, and there were frustrations around coordinating passports and traveler information. The trip was booked close to the travel date, causing delays in communication. The cost felt high for the value provided, contributing to a less satisfied experience. The tone and content should naturally reflect these details without explicitly listing them.",4.3
933,"You are a customer who recently booked a trip through a travel agency. The agency handled your transportation, accommodation, and insurance for the trip.","Write a 1-sentence customer review of a travel agency experience. The trip was to Rome, Italy and started on 2022-02-10. The review should reflect the your experience with the agency's service quality, communication, and overall satisfaction. The tone should feel neutral. The trip involved a large group, and there were frustrations around coordinating passports and traveler information. The trip was booked close to the travel date, causing delays in communication. Your football team has been doing really well this season. The tone and content should naturally reflect these details without explicitly listing them.",5.3
7883,"You are a customer who recently booked a trip through a travel agency. The agency handled your transportation, accommodation, and insurance for the trip. You are a younger traveler and are more price-sensitive, expecting good value for the cost.","Write a 2-sentence customer review of a travel agency experience. The trip was to Cairo, Egypt and started on 01/10/2025. The review should reflect the your experience with the agency's service quality, communication, and overall satisfaction. The tone should feel neutral. The destination was more crowded than anticipated, which made it difficult to enjoy popular attractions. The tone and content should naturally reflect these details without explicitly listing them.",6.6
3993,"You are a customer who recently booked a trip through a travel agency. The agency handled your transportation, accommodation, and insurance for the trip.","Write a 4-sentence customer review of a travel agency experience. The trip was to Bali, Indonesia and started on 2025-11-20. The review should reflect the your experience with the agency's service quality, communication, and overall satisfaction. The tone should feel neutral. The destination is less popular and should be described as a 'hidden gem' or uniquely enjoyable. The cost felt high for the value provided, contributing to a less satisfied experience. You can't seem to find a good show to watch on TV these days. The tone and content should naturally reflect these details without explicitly listing them.",6.6
5403,"You are a customer who recently booked a trip through a travel agency. The agency handled your transportation, accommodation, and insurance for the trip.","Write a 3-sentence customer review of a travel agency experience. The trip was to Paris, France and started on 05/12/2021. The review should reflect the your experience with the agency's service quality, communication, and overall satisfaction. The tone should feel neutral. The cost felt high for the value provided, contributing to a less satisfied experience. You can't seem to find a good show to watch on TV these days. The tone and content should naturally reflect these details without explicitly listing them.",5.7
305,"You are a customer who recently booked a trip through a travel agency. The agency handled your transportation, accommodation, and insurance for the trip.","Write a 4-sentence customer review of a travel agency experience. The trip was to Tokyo, Japan and started on 2022-02-19. The review should reflect the your experience with the agency's service quality, communication, and overall satisfaction. The tone should feel neutral. The cost felt high for the value provided, contributing to a less satisfied experience. The tone and content should naturally reflect these details without explicitly listing them.",5.7
1441,"You are a customer who recently booked a trip through a travel agency. The agency handled your transportation, accommodation, and insurance for the trip. You are a repeat customer and generally have a positive tone.","Write a 3-sentence customer review of a travel agency experience. The trip was to Tokyo, Japan and started on 2024-02-06. The review should reflect the your experience with the agency's service quality, communication, and overall satisfaction. The tone should feel neutral. The tone and content should naturally reflect these details without explicitly listing them.",5.6
9605,"You are a customer who recently booked a trip through a travel agency. The agency handled your transportation, accommodation, and insurance for the trip.","Write a 4-sentence customer review of a travel agency experience. The trip was to New Delhi, India and started on 2025-09-10. The review should reflect the your experience with the agency's service quality, communication, and overall satisfaction. The tone should feel neutral. The beds at the accommodation were uncomfortable, leading to restless nights during the trip. You've been trying to eat healthier but it's been a struggle. The tone and content should naturally reflect these details without explicitly listing them.",6.9
9034,"You are a customer who recently booked a trip through a travel agency. The agency handled your transportation, accommodation, and insurance for the trip. You are a repeat customer and generally have a positive tone.","Write a 3-sentence customer review of a travel agency experience. The trip was to Tokyo, Japan and started on 2022-01-27. The review should reflect the your experience with the agency's service quality, communication, and overall satisfaction. The tone should feel neutral. The local tour guide recommended by the agency was knowledgeable and made the sightseeing experience much more enjoyable. The tone and content should naturally reflect these details without explicitly listing them.",6.7
9125,"You are a customer who recently booked a trip through a travel agency. The agency handled your transportation, accommodation, and insurance for the trip.","Write a 2-sentence customer review of a travel agency experience. The trip was to Barcelona, Spain and started on 2021-04-25. The review should reflect the your experience with the agency's service quality, communication, and overall satisfaction. The tone should feel neutral. Your boss has been a real pain at work. The tone and content should naturally reflect these details without explicitly listing them.",7.7
5830,"You are a customer who recently booked a trip through a travel agency. The agency handled your transportation, accommodation, and insurance for the trip.","Write a 4-sentence customer review of a travel agency experience. The trip was to Buenos Aires, Argentina and started on 2022-03-11. The review should reflect the your experience with the agency's service quality, communication, and overall satisfaction. The tone should feel neutral. The locals were rude and unhelpful, which negatively impacted the overall experience of the trip. The tone and content should naturally reflect these details without explicitly listing them.",7.3
3224,"You are a customer who recently booked a trip through a travel agency. The agency handled your transportation, accommodation, and insurance for the trip.","Write a 2-sentence customer review of a travel agency experience. The trip was to Bali, Indonesia and started on 2021-07-06. The review should reflect the your experience with the agency's service quality, communication, and overall satisfaction. The tone should feel neutral. The transportation arrangements were comfortable and reliable, making the travel experience smooth. The tone and content should naturally reflect these details without explicitly listing them.",5.5
7898,"You are a customer who recently booked a trip through a travel agency. The agency handled your transportation, accommodation, and insurance for the trip. You are a repeat customer and generally have a positive tone.","Write a 2-sentence customer review of a travel agency experience. The trip was to Bangkok, Thailand and started on 2025-07-19. The review should reflect the your experience with the agency's service quality, communication, and overall satisfaction. The tone should feel neutral. The cost felt high for the value provided, contributing to a less satisfied experience. The food recommendations provided by the agency were fantastic and enhanced the trip experience. The tone and content should naturally reflect these details without explicitly listing them.",7.3
2518,"You are a customer who recently booked a trip through a travel agency. The agency handled your transportation, accommodation, and insurance for the trip.","Write a 4-sentence customer review of a travel agency experience. The trip was to Bangkok, Thailand and started on 2022-07-17. The review should reflect the your experience with the agency's service quality, communication, and overall satisfaction. The tone should feel neutral. The trip was booked close to the travel date, causing delays in communication. The cost felt high for the value provided, contributing to a less satisfied experience. The Wi-Fi connection at the accommodation was unreliable, affecting productivity and entertainment. The tone and content should naturally reflect these details without explicitly listing them.",6.0
5978,"You are a customer who recently booked a trip through a travel agency. The agency handled your transportation, accommodation, and insurance for the trip. You are middle-aged and tend to be less tolerant of excessive back-and-forth communication.","Write a 2-sentence customer review of a travel agency experience. The trip was to Buenos Aires, Argentina and started on 2023-03-30. The review should reflect the your experience with the agency's service quality, communication, and overall satisfaction. The tone should feel neutral. The destination is less popular and should be described as a 'hidden gem' or uniquely enjoyable. The cost felt high for the value provided, contributing to a less satisfied experience. The tone and content should naturally reflect these details without explicitly listing them.",5.7
7253,"You are a customer who recently booked a trip through a travel agency. The agency handled your transportation, accommodation, and insurance for the trip. You are a repeat customer and generally have a positive tone.","Write a 2-sentence customer review of a travel agency experience. The trip was to Tokyo, Japan and started on 2024-01-01. The review should reflect the your experience with the agency's service quality, communication, and overall satisfaction. The tone should feel neutral. The trip involved a large group, and there were frustrations around coordinating passports and traveler information. The tone and content should naturally reflect these details without explicitly listing them.",6.5
8884,"You are a customer who recently booked a trip through a travel agency. The agency handled your transportation, accommodation, and insurance for the trip.","Write a 3-sentence customer review of a travel agency experience. The trip was to Paris, France and started on 2021-10-06. The review should reflect the your experience with the agency's service quality, communication, and overall satisfaction. The tone should feel neutral. The cost felt high for the value provided, contributing to a less satisfied experience. The transportation arrangements were comfortable and reliable, making the travel experience smooth. The tone and content should naturally reflect these details without explicitly listing them.",6.6
5009,"You are a customer who recently booked a trip through a travel agency. The agency handled your transportation, accommodation, and insurance for the trip.","Write a 2-sentence customer review of a travel agency experience. The trip was to Paris, France and started on 2022-11-18. The review should reflect the your experience with the agency's service quality, communication, and overall satisfaction. The tone should feel neutral. The trip was booked close to the travel date, causing delays in communication. The accommodation booked by the agency was subpar and detracted from the overall enjoyment of the trip. The tone and content should naturally reflect these details without explicitly listing them.",5.4
2187,"You are a customer who recently booked a trip through a travel agency. The agency handled your transportation, accommodation, and insurance for the trip. You are middle-aged and tend to be less tolerant of excessive back-and-forth communication.","Write a 2-sentence customer review of a travel agency experience. The trip was to Reykjavik, Iceland and started on 2024-09-23. The review should reflect the your experience with the agency's service quality, communication, and overall satisfaction. The tone should feel negative. The trip was booked close to the travel date, causing delays in communication. The cost felt high for the value provided, contributing to a less satisfied experience. The tone and content should naturally reflect these details without explicitly listing them.",4.8
3191,"You are a customer who recently booked a trip through a travel agency. The agency handled your transportation, accommodation, and insurance for the trip.","Write a 3-sentence customer review of a travel agency experience. The trip was to Bali, Indonesia and started on 2023-02-27. The review should reflect the your experience with the agency's service quality, communication, and overall satisfaction. The tone should feel negative. The tone and content should naturally reflect these details without explicitly listing them.",4.7
8244,"You are a customer who recently booked a trip through a travel agency. The agency handled your transportation, accommodation, and insurance for the trip. You are a repeat customer and generally have a positive tone.","Write a 3-sentence customer review of a travel agency experience. The trip was to Cape Town, South Africa and started on 2023-02-07. The review should reflect the your experience with the agency's service quality, communication, and overall satisfaction. The tone should feel negative. The destination is less popular and should be described as a 'hidden gem' or uniquely enjoyable. The tone and content should naturally reflect these details without explicitly listing them.",5.0
4556,"You are a customer who recently booked a trip through a travel agency. The agency handled your transportation, accommodation, and insurance for the trip.","Write a 3-sentence customer review of a travel agency experience. The trip was to Cairo, Egypt and started on 2025-03-16. The review should reflect the your experience with the agency's service quality, communication, and overall satisfaction. The tone should feel neutral. The destination is less popular and should be described as a 'hidden gem' or uniquely enjoyable. You've been trying to eat healthier but it's been a struggle. The tone and content should naturally reflect these details without explicitly listing them.",5.9
5730,"You are a customer who recently booked a trip through a travel agency. The agency handled your transportation, accommodation, and insurance for the trip. You are a repeat customer and generally have a positive tone.","Write a 3-sentence customer review of a travel agency experience. The trip was to Paris, France and started on 2021-07-02. The review should reflect the your experience with the agency's service quality, communication, and overall satisfaction. The tone should feel negative. The trip involved a large group, and there were frustrations around coordinating passports and traveler information. The cost felt high for the value provided, contributing to a less satisfied experience. The Wi-Fi connection at the accommodation was unreliable, affecting productivity and entertainment. The tone and content should naturally reflect these details without explicitly listing them.",4.4
5896,"You are a customer who recently booked a trip through a travel agency. The agency handled your transportation, accommodation, and insurance for the trip.","Write a 4-sentence customer review of a travel agency experience. The trip was to Reykjavik, Iceland and started on 2024-09-21. The review should reflect the your experience with the agency's service quality, communication, and overall satisfaction. The tone should feel neutral. The beds at the accommodation were uncomfortable, leading to restless nights during the trip. The local tour guide recommended by the agency was unprofessional and detracted from the sightseeing experience. The tone and content should naturally reflect these details without explicitly listing them.",5.9
5503,"You are a customer who recently booked a trip through a travel agency. The agency handled your transportation, accommodation, and insurance for the trip. You are a repeat customer and generally have a positive tone.","Write a 2-sentence customer review of a travel agency experience. The trip was to Tokyo, Japan and started on 2024-12-18. The review should reflect the your experience with the agency's service quality, communication, and overall satisfaction. The tone should feel positive. The locals were rude and unhelpful, which negatively impacted the overall experience of the trip. The tone and content should naturally reflect these details without explicitly listing them.",8.3
9105,"You are a customer who recently booked a trip through a travel agency. The agency handled your transportation, accommodation, and insurance for the trip. You are a repeat customer and generally have a positive tone.","Write a 3-sentence customer review of a travel agency experience. The trip was to Barcelona ( Spain and started on 2022-09-13. The review should reflect the your experience with the agency's service quality, communication, and overall satisfaction. The tone should feel neutral. The trip was booked close to the travel date, causing delays in communication. The tone and content should naturally reflect these details without explicitly listing them.",6.7
7742,"You are a customer who recently booked a trip through a travel agency. The agency handled your transportation, accommodation, and insurance for the trip. You are a repeat customer and generally have a positive tone.","Write a 4-sentence customer review of a travel agency experience. The trip was to Bali, Indonesia and started on 2021-11-17. The review should reflect the your experience with the agency's service quality, communication, and overall satisfaction. The tone should feel neutral. The accommodation booked by the agency was subpar and detracted from the overall enjoyment of the trip. Your cat was lonely while you were away and has been extra affectionate since you returned. The tone and content should naturally reflect these details without explicitly listing them.",5.9
615,"You are a customer who recently booked a trip through a travel agency. The agency handled your transportation, accommodation, and insurance for the trip.","Write a 1-sentence customer review of a travel agency experience. The trip was to Bangkok, Thailand and started on 2023-11-12. The review should reflect the your experience with the agency's service quality, communication, and overall satisfaction. The tone should feel neutral. The cost felt high for the value provided, contributing to a less satisfied experience. The weather at the destination was unexpectedly bad, which impacted outdoor plans and overall enjoyment. The tone and content should naturally reflect these details without explicitly listing them.",6.3
6163,"You are a customer who recently booked a trip through a travel agency. The agency handled your transportation, accommodation, and insurance for the trip. You are a repeat customer and generally have a positive tone.","Write a 1-sentence customer review of a travel agency experience. The trip was to Bali, Indonesia and started on 2025-09-01. The review should reflect the your experience with the agency's service quality, communication, and overall satisfaction. The tone should feel neutral. The trip was booked close to the travel date, causing delays in communication. The cost felt high for the value provided, contributing to a less satisfied experience. You've been really getting into non-fiction literature lately. The tone and content should naturally reflect these details without explicitly listing them.",5.9
2850,"You are a customer who recently booked a trip through a travel agency. The agency handled your transportation, accommodation, and insurance for the trip. You are a repeat customer and generally have a positive tone.","Write a 1-sentence customer review of a travel agency experience. The trip was to Barcelona, Spain and started on 2021-04-25. The review should reflect the your experience with the agency's service quality, communication, and overall satisfaction. The tone should feel negative. The trip was booked close to the travel date, causing delays in communication. You've been trying to eat healthier but it's been a struggle. The tone and content should naturally reflect these details without explicitly listing them.",4.4
2133,"You are a customer who recently booked a trip through a travel agency. The agency handled your transportation, accommodation, and insurance for the trip.","Write a 2-sentence customer review of a travel agency experience. The trip was to Johannesburg, South Africa and started on 2025-11-21. The review should reflect the your experience with the agency's service quality, communication, and overall satisfaction. The tone should feel neutral. The destination is less popular and should be described as a 'hidden gem' or uniquely enjoyable. The trip was booked close to the travel date, causing delays in communication. The tone and content should naturally reflect these details without explicitly listing them.",5.8
5748,"You are a customer who recently booked a trip through a travel agency. The agency handled your transportation, accommodation, and insurance for the trip. You are a younger traveler and are more price-sensitive, expecting good value for the cost.","Write a 2-sentence customer review of a travel agency experience. The trip was to Santiago, Chile and started on 2023-03-12. The review should reflect the your experience with the agency's service quality, communication, and overall satisfaction. The tone should feel negative. The tone and content should naturally reflect these details without explicitly listing them.",3.4
2111,"You are a customer who recently booked a trip through a travel agency. The agency handled your transportation, accommodation, and insurance for the trip. You are middle-aged and tend to be less tolerant of excessive back-and-forth communication.","Write a 2-sentence customer review of a travel agency experience. The trip was to Paris, France and started on 2022-12-01. The review should reflect the your experience with the agency's service quality, communication, and overall satisfaction. The tone should feel neutral. The trip involved a large group, and there were frustrations around coordinating passports and traveler information. The cost felt high for the value provided, contributing to a less satisfied experience. The tone and content should naturally reflect these details without explicitly listing them.",6.5
4180,"You are a customer who recently booked a trip through a travel agency. The agency handled your transportation, accommodation, and insurance for the trip.","Write a 4-sentence customer review of a travel agency experience. The trip was to Cairo, Egypt and started on 2022-08-08. The review should reflect the your experience with the agency's service quality, communication, and overall satisfaction. The tone should feel neutral. The destination is less popular and should be described as a 'hidden gem' or uniquely enjoyable. You've been trying to eat healthier but it's been a struggle. The tone and content should naturally reflect these details without explicitly listing them.",6.8
2068,"You are a customer who recently booked a trip through a travel agency. The agency handled your transportation, accommodation, and insurance for the trip.","Write a 1-sentence customer review of a travel agency experience. The trip was to Barcelona, Spain and started on 2021-11-05. The review should reflect the your experience with the agency's service quality, communication, and overall satisfaction. The tone should feel neutral. You've been trying to eat healthier but it's been a struggle. The tone and content should naturally reflect these details without explicitly listing them.",6.1
3772,"You are a customer who recently booked a trip through a travel agency. The agency handled your transportation, accommodation, and insurance for the trip.","Write a 4-sentence customer review of a travel agency experience. The trip was to New Delhi, India and started on 2025-07-13. The review should reflect the your experience with the agency's service quality, communication, and overall satisfaction. The tone should feel neutral. The tone and content should naturally reflect these details without explicitly listing them.",6.1
9285,"You are a customer who recently booked a trip through a travel agency. The agency handled your transportation, accommodation, and insurance for the trip. You are a repeat customer and generally have a positive tone.","Write a 4-sentence customer review of a travel agency experience. The trip was to Cape Town, South Africa and started on 2021-09-21. The review should reflect the your experience with the agency's service quality, communication, and overall satisfaction. The tone should feel negative. The trip involved a large group, and there were frustrations around coordinating passports and traveler information. You've been trying to eat healthier but it's been a struggle. The tone and content should naturally reflect these details without explicitly listing them.",5.0
3751,"You are a customer who recently booked a trip through a travel agency. The agency handled your transportation, accommodation, and insurance for the trip. You are a repeat customer and generally have a positive tone.","Write a 1-sentence customer review of a travel agency experience. The trip was to Reykjavik, Iceland and started on 2023-05-24. The review should reflect the your experience with the agency's service quality, communication, and overall satisfaction. The tone should feel neutral. The trip was booked close to the travel date, causing delays in communication. The tone and content should naturally reflect these details without explicitly listing them.",5.4
1595,"You are a customer who recently booked a trip through a travel agency. The agency handled your transportation, accommodation, and insurance for the trip. You are a repeat customer and generally have a positive tone.","Write a 3-sentence customer review of a travel agency experience. The trip was to Bali, Indonesia and started on 10/15/2025. The review should reflect the your experience with the agency's service quality, communication, and overall satisfaction. The tone should feel neutral. The tone and content should naturally reflect these details without explicitly listing them.",5.0
5495,"You are a customer who recently booked a trip through a travel agency. The agency handled your transportation, accommodation, and insurance for the trip. You are a younger traveler and are more price-sensitive, expecting good value for the cost.","Write a 3-sentence customer review of a travel agency experience. The trip was to Tokyo ( Japan and started on 11/08/2024. The review should reflect the your experience with the agency's service quality, communication, and overall satisfaction. The tone should feel neutral. The tone and content should naturally reflect these details without explicitly listing them.",6.1
3060,"You are a customer who recently booked a trip through a travel agency. The agency handled your transportation, accommodation, and insurance for the trip.","Write a 3-sentence customer review of a travel agency experience. The trip was to Barcelona, Spain and started on 2022-08-24. The review should reflect the your experience with the agency's service quality, communication, and overall satisfaction. The tone should feel neutral. The destination was more crowded than anticipated, which made it difficult to enjoy popular attractions. The tone and content should naturally reflect these details without explicitly listing them.",6.8
9503,"You are a customer who recently booked a trip through a travel agency. The agency handled your transportation, accommodation, and insurance for the trip. You are a repeat customer and generally have a positive tone.","Write a 3-sentence customer review of a travel agency experience. The trip was to Bali, Indonesia and started on 2026-03-07. The review should reflect the your experience with the agency's service quality, communication, and overall satisfaction. The tone should feel neutral. The destination is less popular and should be described as a 'hidden gem' or uniquely enjoyable. The tone and content should naturally reflect these details without explicitly listing them.",6.2
5179,"You are a customer who recently booked a trip through a travel agency. The agency handled your transportation, accommodation, and insurance for the trip.","Write a 2-sentence customer review of a travel agency experience. The trip was to Marrakech, Morocco and started on 2022-09-09. The review should reflect the your experience with the agency's service quality, communication, and overall satisfaction. The tone should feel negative. The tone and content should naturally reflect these details without explicitly listing them.",4.6
6996,"You are a customer who recently booked a trip through a travel agency. The agency handled your transportation, accommodation, and insurance for the trip.","Write a 1-sentence customer review of a travel agency experience. The trip was to New Delhi, India and started on 2025-11-14. The review should reflect the your experience with the agency's service quality, communication, and overall satisfaction. The tone should feel neutral. Your boss has been a real pain at work. The tone and content should naturally reflect these details without explicitly listing them.",6.1
5286,"You are a customer who recently booked a trip through a travel agency. The agency handled your transportation, accommodation, and insurance for the trip. You are a repeat customer and generally have a positive tone.","Write a 3-sentence customer review of a travel agency experience. The trip was to Paris, France and started on 2022-05-01. The review should reflect the your experience with the agency's service quality, communication, and overall satisfaction. The tone should feel neutral. The trip was booked close to the travel date, causing delays in communication. The local currency exchange rates were favorable during the trip, which was a pleasant surprise. The tone and content should naturally reflect these details without explicitly listing them.",6.1
7937,"You are a customer who recently booked a trip through a travel agency. The agency handled your transportation, accommodation, and insurance for the trip. You are a repeat customer and generally have a positive tone.","Write a 4-sentence customer review of a travel agency experience. The trip was to Marrakech, Morocco and started on 2024-04-20. The review should reflect the your experience with the agency's service quality, communication, and overall satisfaction. The tone should feel neutral. The destination is less popular and should be described as a 'hidden gem' or uniquely enjoyable. The tone and content should naturally reflect these details without explicitly listing them.",6.1
9596,"You are a customer who recently booked a trip through a travel agency. The agency handled your transportation, accommodation, and insurance for the trip. You are a repeat customer and generally have a positive tone.","Write a 3-sentence customer review of a travel agency experience. The trip was to Bali, Indonesia and started on 2023-12-28. The review should reflect the your experience with the agency's service quality, communication, and overall satisfaction. The tone should feel neutral. The tone and content should naturally reflect these details without explicitly listing them.",5.8
5437,"You are a customer who recently booked a trip through a travel agency. The agency handled your transportation, accommodation, and insurance for the trip. You are a repeat customer and generally have a positive tone.","Write a 1-sentence customer review of a travel agency experience. The trip was to Bali, Indonesia and started on 2024-11-29. The review should reflect the your experience with the agency's service quality, communication, and overall satisfaction. The tone should feel neutral. The destination is less popular and should be described as a 'hidden gem' or uniquely enjoyable. The trip involved a large group, and there were frustrations around coordinating passports and traveler information. The cost felt high for the value provided, contributing to a less satisfied experience. You've been really getting into non-fiction literature lately. The tone and content should naturally reflect these details without explicitly listing them.",6.5
3810,"You are a customer who recently booked a trip through a travel agency. The agency handled your transportation, accommodation, and insurance for the trip. You are a repeat customer and generally have a positive tone.","Write a 1-sentence customer review of a travel agency experience. The trip was to Rome, Italy and started on 2021-08-04. The review should reflect the your experience with the agency's service quality, communication, and overall satisfaction. The tone should feel negative. The tone and content should naturally reflect these details without explicitly listing them.",4.0
2585,"You are a customer who recently booked a trip through a travel agency. The agency handled your transportation, accommodation, and insurance for the trip. You are a repeat customer and generally have a positive tone.","Write a 4-sentence customer review of a travel agency experience. The trip was to Rome, Italy and started on 2021-07-01. The review should reflect the your experience with the agency's service quality, communication, and overall satisfaction. The tone should feel neutral. The cost felt high for the value provided, contributing to a less satisfied experience. The local tour guide recommended by the agency was unprofessional and detracted from the sightseeing experience. The tone and content should naturally reflect these details without explicitly listing them.",5.6
2681,"You are a customer who recently booked a trip through a travel agency. The agency handled your transportation, accommodation, and insurance for the trip. You are a repeat customer and generally have a positive tone.","Write a 3-sentence customer review of a travel agency experience. The trip was to Reykjavik;  Iceland and started on 2026-02-16. The review should reflect the your experience with the agency's service quality, communication, and overall satisfaction. The tone should feel neutral. The trip involved a large group, and there were frustrations around coordinating passports and traveler information. The tone and content should naturally reflect these details without explicitly listing them.",5.7
6199,"You are a customer who recently booked a trip through a travel agency. The agency handled your transportation, accommodation, and insurance for the trip. You are a repeat customer and generally have a positive tone.","Write a 1-sentence customer review of a travel agency experience. The trip was to Barcelona, Spain and started on 12/21/2025. The review should reflect the your experience with the agency's service quality, communication, and overall satisfaction. The tone should feel neutral. The food recommendations provided by the agency were fantastic and enhanced the trip experience. The tone and content should naturally reflect these details without explicitly listing them.",6.3
6991,"You are a customer who recently booked a trip through a travel agency. The agency handled your transportation, accommodation, and insurance for the trip.","Write a 4-sentence customer review of a travel agency experience. The trip was to Tokyo ( Japan and started on 2025-03-31. The review should reflect the your experience with the agency's service quality, communication, and overall satisfaction. The tone should feel neutral. The trip was booked close to the travel date, causing delays in communication. The cost felt high for the value provided, contributing to a less satisfied experience. The weather at the destination was unexpectedly bad, which impacted outdoor plans and overall enjoyment. The tone and content should naturally reflect these details without explicitly listing them.",5.8
1961,"You are a customer who recently booked a trip through a travel agency. The agency handled your transportation, accommodation, and insurance for the trip.","Write a 2-sentence customer review of a travel agency experience. The trip was to Lima, Peru and started on 08/31/2023. The review should reflect the your experience with the agency's service quality, communication, and overall satisfaction. The tone should feel negative. The trip was booked close to the travel date, causing delays in communication. The destination was more crowded than anticipated, which made it difficult to enjoy popular attractions. The tone and content should naturally reflect these details without explicitly listing them.",4.9
3598,"You are a customer who recently booked a trip through a travel agency. The agency handled your transportation, accommodation, and insurance for the trip. You are a repeat customer and generally have a positive tone.","Write a 3-sentence customer review of a travel agency experience. The trip was to New Delhi, India and started on 2024-08-10. The review should reflect the your experience with the agency's service quality, communication, and overall satisfaction. The tone should feel neutral. The destination is less popular and should be described as a 'hidden gem' or uniquely enjoyable. The trip was booked close to the travel date, causing delays in communication. The tone and content should naturally reflect these details without explicitly listing them.",7.1
2945,"You are a customer who recently booked a trip through a travel agency. The agency handled your transportation, accommodation, and insurance for the trip. You are middle-aged and tend to be less tolerant of excessive back-and-forth communication. You are a repeat customer and generally have a positive tone.","Write a 1-sentence customer review of a travel agency experience. The trip was to Tokyo, Japan and started on 2023-04-21. The review should reflect the your experience with the agency's service quality, communication, and overall satisfaction. The tone should feel neutral. The cost felt high for the value provided, contributing to a less satisfied experience. The local tour guide recommended by the agency was knowledgeable and made the sightseeing experience much more enjoyable. The tone and content should naturally reflect these details without explicitly listing them.",5.8
8208,"You are a customer who recently booked a trip through a travel agency. The agency handled your transportation, accommodation, and insurance for the trip.","Write a 1-sentence customer review of a travel agency experience. The trip was to Rome, Italy and started on 2024-12-22. The review should reflect the your experience with the agency's service quality, communication, and overall satisfaction. The tone should feel negative. The tone and content should naturally reflect these details without explicitly listing them.",4.6
1204,"You are a customer who recently booked a trip through a travel agency. The agency handled your transportation, accommodation, and insurance for the trip. You are a repeat customer and generally have a positive tone.","Write a 1-sentence customer review of a travel agency experience. The trip was to Rome, Italy and started on 2022-07-26. The review should reflect the your experience with the agency's service quality, communication, and overall satisfaction. The tone should feel negative. The local currency exchange rates were favorable during the trip, which was a pleasant surprise. The tone and content should naturally reflect these details without explicitly listing them.",5.0
8527,"You are a customer who recently booked a trip through a travel agency. The agency handled your transportation, accommodation, and insurance for the trip. You are middle-aged and tend to be less tolerant of excessive back-and-forth communication.","Write a 1-sentence customer review of a travel agency experience. The trip was to Bangkok, Thailand and started on 2026-02-26. The review should reflect the your experience with the agency's service quality, communication, and overall satisfaction. The tone should feel neutral. The cost felt high for the value provided, contributing to a less satisfied experience. The tone and content should naturally reflect these details without explicitly listing them.",6.6
2410,"You are a customer who recently booked a trip through a travel agency. The agency handled your transportation, accommodation, and insurance for the trip.","Write a 1-sentence customer review of a travel agency experience. The trip was to Tokyo, Japan and started on 03/27/2022. The review should reflect the your experience with the agency's service quality, communication, and overall satisfaction. The tone should feel neutral. The cost felt high for the value provided, contributing to a less satisfied experience. The tone and content should naturally reflect these details without explicitly listing them.",6.2
1562,"You are a customer who recently booked a trip through a travel agency. The agency handled your transportation, accommodation, and insurance for the trip.","Write a 2-sentence customer review of a travel agency experience. The trip was to Bangkok, Thailand and started on 2024-03-09. The review should reflect the your experience with the agency's service quality, communication, and overall satisfaction. The tone should feel neutral. The cost felt high for the value provided, contributing to a less satisfied experience. The destination was more crowded than anticipated, which made it difficult to enjoy popular attractions. The tone and content should naturally reflect these details without explicitly listing them.",5.7
5224,"You are a customer who recently booked a trip through a travel agency. The agency handled your transportation, accommodation, and insurance for the trip. You are a repeat customer and generally have a positive tone.","Write a 1-sentence customer review of a travel agency experience. The trip was to Barcelona, Spain and started on 2021-05-28. The review should reflect the your experience with the agency's service quality, communication, and overall satisfaction. The tone should feel neutral. The tone and content should naturally reflect these details without explicitly listing them.",5.7
7282,"You are a customer who recently booked a trip through a travel agency. The agency handled your transportation, accommodation, and insurance for the trip.","Write a 3-sentence customer review of a travel agency experience. The trip was to Paris, France and started on 2022-03-16. The review should reflect the your experience with the agency's service quality, communication, and overall satisfaction. The tone should feel neutral. The trip was booked close to the travel date, causing delays in communication. The cost felt high for the value provided, contributing to a less satisfied experience. The accommodation booked by the agency was subpar and detracted from the overall enjoyment of the trip. The tone and content should naturally reflect these details without explicitly listing them.",6.4
6946,"You are a customer who recently booked a trip through a travel agency. The agency handled your transportation, accommodation, and insurance for the trip.","Write a 1-sentence customer review of a travel agency experience. The trip was to Tokyo, Japan and started on 2025-11-21. The review should reflect the your experience with the agency's service quality, communication, and overall satisfaction. The tone should feel negative. The tone and content should naturally reflect these details without explicitly listing them.",4.8
8387,"You are a customer who recently booked a trip through a travel agency. The agency handled your transportation, accommodation, and insurance for the trip.","Write a 2-sentence customer review of a travel agency experience. The trip was to Reykjavik, Iceland and started on 2023-02-07. The review should reflect the your experience with the agency's service quality, communication, and overall satisfaction. The tone should feel neutral. You've been really getting into non-fiction literature lately. The tone and content should naturally reflect these details without explicitly listing them.",6.1
2747,"You are a customer who recently booked a trip through a travel agency. The agency handled your transportation, accommodation, and insurance for the trip. You are a repeat customer and generally have a positive tone.","Write a 4-sentence customer review of a travel agency experience. The trip was to Bangkok, Thailand and started on 2024-07-03. The review should reflect the your experience with the agency's service quality, communication, and overall satisfaction. The tone should feel neutral. The agent's accent was hard to understand, which made communication frustrating. The tone and content should naturally reflect these details without explicitly listing them.",7.3
9165,"You are a customer who recently booked a trip through a travel agency. The agency handled your transportation, accommodation, and insurance for the trip.","Write a 1-sentence customer review of a travel agency experience. The trip was to Marrakech, Morocco and started on 2023-07-12. The review should reflect the your experience with the agency's service quality, communication, and overall satisfaction. The tone should feel negative. The trip was booked close to the travel date, causing delays in communication. The cost felt high for the value provided, contributing to a less satisfied experience. The tone and content should naturally reflect these details without explicitly listing them.",3.8
3972,"You are a customer who recently booked a trip through a travel agency. The agency handled your transportation, accommodation, and insurance for the trip. You are a repeat customer and generally have a positive tone.","Write a 4-sentence customer review of a travel agency experience. The trip was to Bali, Indonesia and started on 2024-06-25. The review should reflect the your experience with the agency's service quality, communication, and overall satisfaction. The tone should feel neutral. The food recommendations provided by the agency were fantastic and enhanced the trip experience. The tone and content should naturally reflect these details without explicitly listing them.",7.4
9972,"You are a customer who recently booked a trip through a travel agency. The agency handled your transportation, accommodation, and insurance for the trip.","Write a 4-sentence customer review of a travel agency experience. The trip was to Tokyo, Japan and started on 2023-07-07. The review should reflect the your experience with the agency's service quality, communication, and overall satisfaction. The tone should feel negative. The destination was more crowded than anticipated, which made it difficult to enjoy popular attractions. The tone and content should naturally reflect these details without explicitly listing them.",4.9
5535,"You are a customer who recently booked a trip through a travel agency. The agency handled your transportation, accommodation, and insurance for the trip. You are middle-aged and tend to be less tolerant of excessive back-and-forth communication. You are a repeat customer and generally have a positive tone.","Write a 2-sentence customer review of a travel agency experience. The trip was to Tokyo;  Japan and started on 2025-10-25. The review should reflect the your experience with the agency's service quality, communication, and overall satisfaction. The tone should feel negative. The trip involved a large group, and there were frustrations around coordinating passports and traveler information. The trip was booked close to the travel date, causing delays in communication. The tone and content should naturally reflect these details without explicitly listing them.",4.4
2520,"You are a customer who recently booked a trip through a travel agency. The agency handled your transportation, accommodation, and insurance for the trip.","Write a 3-sentence customer review of a travel agency experience. The trip was to New Delhi, India and started on 2021-10-08. The review should reflect the your experience with the agency's service quality, communication, and overall satisfaction. The tone should feel neutral. The tone and content should naturally reflect these details without explicitly listing them.",6.6
4490,"You are a customer who recently booked a trip through a travel agency. The agency handled your transportation, accommodation, and insurance for the trip.","Write a 4-sentence customer review of a travel agency experience. The trip was to Bangkok, Thailand and started on 2025-08-25. The review should reflect the your experience with the agency's service quality, communication, and overall satisfaction. The tone should feel neutral. The cost felt high for the value provided, contributing to a less satisfied experience. You can't seem to find a good show to watch on TV these days. The tone and content should naturally reflect these details without explicitly listing them.",6.2
7900,"You are a customer who recently booked a trip through a travel agency. The agency handled your transportation, accommodation, and insurance for the trip. You are a repeat customer and generally have a positive tone.","Write a 4-sentence customer review of a travel agency experience. The trip was to Cairo, Egypt and started on 2022-02-07. The review should reflect the your experience with the agency's service quality, communication, and overall satisfaction. The tone should feel neutral. The destination is less popular and should be described as a 'hidden gem' or uniquely enjoyable. The cost felt high for the value provided, contributing to a less satisfied experience. The tone and content should naturally reflect these details without explicitly listing them.",6.3
4874,"You are a customer who recently booked a trip through a travel agency. The agency handled your transportation, accommodation, and insurance for the trip.","Write a 4-sentence customer review of a travel agency experience. The trip was to Cairo, Egypt and started on 2022-05-02. The review should reflect the your experience with the agency's service quality, communication, and overall satisfaction. The tone should feel negative. The cost felt high for the value provided, contributing to a less satisfied experience. The tone and content should naturally reflect these details without explicitly listing them.",3.5
7419,"You are a customer who recently booked a trip through a travel agency. The agency handled your transportation, accommodation, and insurance for the trip. You are a younger traveler and are more price-sensitive, expecting good value for the cost.","Write a 2-sentence customer review of a travel agency experience. The trip was to Barcelona, Spain and started on 08/06/2021. The review should reflect the your experience with the agency's service quality, communication, and overall satisfaction. The tone should feel neutral. The tone and content should naturally reflect these details without explicitly listing them.",7.5
8757,"You are a customer who recently booked a trip through a travel agency. The agency handled your transportation, accommodation, and insurance for the trip. You are a repeat customer and generally have a positive tone.","Write a 2-sentence customer review of a travel agency experience. The trip was to Johannesburg, South Africa and started on 2023-04-27. The review should reflect the your experience with the agency's service quality, communication, and overall satisfaction. The tone should feel neutral. The trip involved a large group, and there were frustrations around coordinating passports and traveler information. The cost felt high for the value provided, contributing to a less satisfied experience. The tone and content should naturally reflect these details without explicitly listing them.",7.3
6350,"You are a customer who recently booked a trip through a travel agency. The agency handled your transportation, accommodation, and insurance for the trip. You are a repeat customer and generally have a positive tone.","Write a 1-sentence customer review of a travel agency experience. The trip was to Paris, France and started on 2024-01-09. The review should reflect the your experience with the agency's service quality, communication, and overall satisfaction. The tone should feel neutral. The tone and content should naturally reflect these details without explicitly listing them.",7.7
7059,"You are a customer who recently booked a trip through a travel agency. The agency handled your transportation, accommodation, and insurance for the trip. You are a repeat customer and generally have a positive tone.","Write a 1-sentence customer review of a travel agency experience. The trip was to Bangkok, Thailand and started on 2023-08-06. The review should reflect the your experience with the agency's service quality, communication, and overall satisfaction. The tone should feel neutral. The cost felt high for the value provided, contributing to a less satisfied experience. The locals were rude and unhelpful, which negatively impacted the overall experience of the trip. The tone and content should naturally reflect these details without explicitly listing them.",6.9
5553,"You are a customer who recently booked a trip through a travel agency. The agency handled your transportation, accommodation, and insurance for the trip.","Write a 2-sentence customer review of a travel agency experience. The trip was to Tokyo, Japan and started on 2023-06-26. The review should reflect the your experience with the agency's service quality, communication, and overall satisfaction. The tone should feel neutral. The trip was booked close to the travel date, causing delays in communication. The cost felt high for the value provided, contributing to a less satisfied experience. The accommodation booked by the agency was subpar and detracted from the overall enjoyment of the trip. The tone and content should naturally reflect these details without explicitly listing them.",6.2
2018,"You are a customer who recently booked a trip through a travel agency. The agency handled your transportation, accommodation, and insurance for the trip. You are a repeat customer and generally have a positive tone.","Write a 3-sentence customer review of a travel agency experience. The trip was to Bangkok, Thailand and started on 2024-12-31. The review should reflect the your experience with the agency's service quality, communication, and overall satisfaction. The tone should feel neutral. The trip was booked close to the travel date, causing delays in communication. The transportation arrangements were comfortable and reliable, making the travel experience smooth. Your football team has been doing really well this season. The tone and content should naturally reflect these details without explicitly listing them.",6.3
4732,"You are a customer who recently booked a trip through a travel agency. The agency handled your transportation, accommodation, and insurance for the trip.","Write a 1-sentence customer review of a travel agency experience. The trip was to Paris ( France and started on 08/22/2021. The review should reflect the your experience with the agency's service quality, communication, and overall satisfaction. The tone should feel neutral. Your boss has been a real pain at work. The tone and content should naturally reflect these details without explicitly listing them.",6.0
9971,"You are a customer who recently booked a trip through a travel agency. The agency handled your transportation, accommodation, and insurance for the trip. You are a repeat customer and generally have a positive tone.","Write a 3-sentence customer review of a travel agency experience. The trip was to Bangkok, Thailand and started on 2025-09-25. The review should reflect the your experience with the agency's service quality, communication, and overall satisfaction. The tone should feel neutral. The tone and content should naturally reflect these details without explicitly listing them.",7.8
6285,"You are a customer who recently booked a trip through a travel agency. The agency handled your transportation, accommodation, and insurance for the trip.","Write a 1-sentence customer review of a travel agency experience. The trip was to Bali, Indonesia and started on 2023-01-01. The review should reflect the your experience with the agency's service quality, communication, and overall satisfaction. The tone should feel neutral. The accommodation booked by the agency was subpar and detracted from the overall enjoyment of the trip. The tone and content should naturally reflect these details without explicitly listing them.",5.1
5806,"You are a customer who recently booked a trip through a travel agency. The agency handled your transportation, accommodation, and insurance for the trip.","Write a 1-sentence customer review of a travel agency experience. The trip was to Bangkok, Thailand and started on 2024-07-22. The review should reflect the your experience with the agency's service quality, communication, and overall satisfaction. The tone should feel neutral. The local tour guide recommended by the agency was knowledgeable and made the sightseeing experience much more enjoyable. The tone and content should naturally reflect these details without explicitly listing them.",6.9
4498,"You are a customer who recently booked a trip through a travel agency. The agency handled your transportation, accommodation, and insurance for the trip.","Write a 4-sentence customer review of a travel agency experience. The trip was to Johannesburg, South Africa and started on 2021-09-30. The review should reflect the your experience with the agency's service quality, communication, and overall satisfaction. The tone should feel negative. Your neighbor Daniel is a real asshole, isn't he? The tone and content should naturally reflect these details without explicitly listing them.",4.9
1188,"You are a customer who recently booked a trip through a travel agency. The agency handled your transportation, accommodation, and insurance for the trip. You are a repeat customer and generally have a positive tone.","Write a 2-sentence customer review of a travel agency experience. The trip was to Bali, Indonesia and started on 2025-12-24. The review should reflect the your experience with the agency's service quality, communication, and overall satisfaction. The tone should feel neutral. The destination is less popular and should be described as a 'hidden gem' or uniquely enjoyable. The trip was booked close to the travel date, causing delays in communication. The cost felt high for the value provided, contributing to a less satisfied experience. The tone and content should naturally reflect these details without explicitly listing them.",6.8
1710,"You are a customer who recently booked a trip through a travel agency. The agency handled your transportation, accommodation, and insurance for the trip. You are a repeat customer and generally have a positive tone.","Write a 1-sentence customer review of a travel agency experience. The trip was to Paris, France and started on 2022-07-25. The review should reflect the your experience with the agency's service quality, communication, and overall satisfaction. The tone should feel neutral. The tone and content should naturally reflect these details without explicitly listing them.",7.6
1098,"You are a customer who recently booked a trip through a travel agency. The agency handled your transportation, accommodation, and insurance for the trip.","Write a 4-sentence customer review of a travel agency experience. The trip was to Barcelona, Spain and started on 2024-08-23. The review should reflect the your experience with the agency's service quality, communication, and overall satisfaction. The tone should feel neutral. You can't seem to find a good show to watch on TV these days. The tone and content should naturally reflect these details without explicitly listing them.",6.7
1518,"You are a customer who recently booked a trip through a travel agency. The agency handled your transportation, accommodation, and insurance for the trip.","Write a 1-sentence customer review of a travel agency experience. The trip was to Santiago, Chile and started on 2023-04-15. The review should reflect the your experience with the agency's service quality, communication, and overall satisfaction. The tone should feel neutral. The weather at the destination was unexpectedly bad, which impacted outdoor plans and overall enjoyment. The tone and content should naturally reflect these details without explicitly listing them.",6.8
6405,"You are a customer who recently booked a trip through a travel agency. The agency handled your transportation, accommodation, and insurance for the trip. You are middle-aged and tend to be less tolerant of excessive back-and-forth communication.","Write a 1-sentence customer review of a travel agency experience. The trip was to Tokyo, Japan and started on 2022-05-27. The review should reflect the your experience with the agency's service quality, communication, and overall satisfaction. The tone should feel neutral. The tone and content should naturally reflect these details without explicitly listing them.",3.0
8090,"You are a customer who recently booked a trip through a travel agency. The agency handled your transportation, accommodation, and insurance for the trip. You are a repeat customer and generally have a positive tone.","Write a 1-sentence customer review of a travel agency experience. The trip was to Cairo, Egypt and started on 2026-04-14. The review should reflect the your experience with the agency's service quality, communication, and overall satisfaction. The tone should feel neutral. The destination is less popular and should be described as a 'hidden gem' or uniquely enjoyable. You've been really getting into non-fiction literature lately. The tone and content should naturally reflect these details without explicitly listing them.",5.7
7050,"You are a customer who recently booked a trip through a travel agency. The agency handled your transportation, accommodation, and insurance for the trip. You are a repeat customer and generally have a positive tone.","Write a 2-sentence customer review of a travel agency experience. The trip was to Cairo, Egypt and started on 2024-07-27. The review should reflect the your experience with the agency's service quality, communication, and overall satisfaction. The tone should feel neutral. The cost felt high for the value provided, contributing to a less satisfied experience. The check-in process was lengthy and inefficient, causing delays in settling into the accommodation. The tone and content should naturally reflect these details without explicitly listing them.",5.9
2727,"You are a customer who recently booked a trip through a travel agency. The agency handled your transportation, accommodation, and insurance for the trip. You are a repeat customer and generally have a positive tone.","Write a 3-sentence customer review of a travel agency experience. The trip was to Bangkok ( Thailand and started on 2022-05-19. The review should reflect the your experience with the agency's service quality, communication, and overall satisfaction. The tone should feel negative. The tone and content should naturally reflect these details without explicitly listing them.",5.0
2683,"You are a customer who recently booked a trip through a travel agency. The agency handled your transportation, accommodation, and insurance for the trip.","Write a 3-sentence customer review of a travel agency experience. The trip was to Reykjavik, Iceland and started on 2024-06-18. The review should reflect the your experience with the agency's service quality, communication, and overall satisfaction. The tone should feel neutral. The destination is less popular and should be described as a 'hidden gem' or uniquely enjoyable. The tone and content should naturally reflect these details without explicitly listing them.",6.1
3925,"You are a customer who recently booked a trip through a travel agency. The agency handled your transportation, accommodation, and insurance for the trip.","Write a 1-sentence customer review of a travel agency experience. The trip was to Cape Town, South Africa and started on 2022-08-02. The review should reflect the your experience with the agency's service quality, communication, and overall satisfaction. The tone should feel negative. The cost felt high for the value provided, contributing to a less satisfied experience. Your boss has been a real pain at work. The tone and content should naturally reflect these details without explicitly listing them.",5.0
4630,"You are a customer who recently booked a trip through a travel agency. The agency handled your transportation, accommodation, and insurance for the trip. You are a repeat customer and generally have a positive tone.","Write a 1-sentence customer review of a travel agency experience. The trip was to New Delhi, India and started on 2024-02-18. The review should reflect the your experience with the agency's service quality, communication, and overall satisfaction. The tone should feel neutral. The destination is less popular and should be described as a 'hidden gem' or uniquely enjoyable. The trip was booked close to the travel date, causing delays in communication. The cost felt high for the value provided, contributing to a less satisfied experience. The tone and content should naturally reflect these details without explicitly listing them.",6.6
7094,"You are a customer who recently booked a trip through a travel agency. The agency handled your transportation, accommodation, and insurance for the trip. You are middle-aged and tend to be less tolerant of excessive back-and-forth communication. You are a repeat customer and generally have a positive tone.","Write a 1-sentence customer review of a travel agency experience. The trip was to New Delhi, India and started on 2025-06-02. The review should reflect the your experience with the agency's service quality, communication, and overall satisfaction. The tone should feel neutral. The cost felt high for the value provided, contributing to a less satisfied experience. The Wi-Fi connection at the accommodation was unreliable, affecting productivity and entertainment. Your football team has been doing really well this season. The tone and content should naturally reflect these details without explicitly listing them.",7.7
1480,"You are a customer who recently booked a trip through a travel agency. The agency handled your transportation, accommodation, and insurance for the trip. You are a repeat customer and generally have a positive tone.","Write a 3-sentence customer review of a travel agency experience. The trip was to Marrakech, Morocco and started on 07/11/2025. The review should reflect the your experience with the agency's service quality, communication, and overall satisfaction. The tone should feel neutral. The destination is less popular and should be described as a 'hidden gem' or uniquely enjoyable. The tone and content should naturally reflect these details without explicitly listing them.",6.1
7542,"You are a customer who recently booked a trip through a travel agency. The agency handled your transportation, accommodation, and insurance for the trip.","Write a 3-sentence customer review of a travel agency experience. The trip was to Barcelona, Spain and started on 2021-12-10. The review should reflect the your experience with the agency's service quality, communication, and overall satisfaction. The tone should feel neutral. The accommodation booked by the agency was subpar and detracted from the overall enjoyment of the trip. The tone and content should naturally reflect these details without explicitly listing them.",5.7
1220,"You are a customer who recently booked a trip through a travel agency. The agency handled your transportation, accommodation, and insurance for the trip.","Write a 1-sentence customer review of a travel agency experience. The trip was to Bali, Indonesia and started on 2024-03-25. The review should reflect the your experience with the agency's service quality, communication, and overall satisfaction. The tone should feel neutral. You've been trying to eat healthier but it's been a struggle. The tone and content should naturally reflect these details without explicitly listing them.",6.9
8464,"You are a customer who recently booked a trip through a travel agency. The agency handled your transportation, accommodation, and insurance for the trip. You are a repeat customer and generally have a positive tone.","Write a 1-sentence customer review of a travel agency experience. The trip was to Bali, Indonesia and started on 2025-05-10. The review should reflect the your experience with the agency's service quality, communication, and overall satisfaction. The tone should feel negative. The trip involved a large group, and there were frustrations around coordinating passports and traveler information. The accommodation booked by the agency was subpar and detracted from the overall enjoyment of the trip. The tone and content should naturally reflect these details without explicitly listing them.",4.8
7803,"You are a customer who recently booked a trip through a travel agency. The agency handled your transportation, accommodation, and insurance for the trip. You are a repeat customer and generally have a positive tone.","Write a 4-sentence customer review of a travel agency experience. The trip was to Paris, France and started on 2024-09-09. The review should reflect the your experience with the agency's service quality, communication, and overall satisfaction. The tone should feel neutral. The tone and content should naturally reflect these details without explicitly listing them.",5.7
7100,"You are a customer who recently booked a trip through a travel agency. The agency handled your transportation, accommodation, and insurance for the trip. You are a repeat customer and generally have a positive tone.","Write a 1-sentence customer review of a travel agency experience. The trip was to Reykjavik, Iceland and started on 2025-08-22. The review should reflect the your experience with the agency's service quality, communication, and overall satisfaction. The tone should feel neutral. The cost felt high for the value provided, contributing to a less satisfied experience. The beds at the accommodation were uncomfortable, leading to restless nights during the trip. The tone and content should naturally reflect these details without explicitly listing them.",6.4
6384,"You are a customer who recently booked a trip through a travel agency. The agency handled your transportation, accommodation, and insurance for the trip.","Write a 4-sentence customer review of a travel agency experience. The trip was to Rome, Italy and started on 2022-11-08. The review should reflect the your experience with the agency's service quality, communication, and overall satisfaction. The tone should feel neutral. The trip was booked close to the travel date, causing delays in communication. The cost felt high for the value provided, contributing to a less satisfied experience. You can't seem to find a good show to watch on TV these days. The tone and content should naturally reflect these details without explicitly listing them.",5.6
6333,"You are a customer who recently booked a trip through a travel agency. The agency handled your transportation, accommodation, and insurance for the trip.","Write a 3-sentence customer review of a travel agency experience. The trip was to Paris, France and started on 2021-06-26. The review should reflect the your experience with the agency's service quality, communication, and overall satisfaction. The tone should feel neutral. The tone and content should naturally reflect these details without explicitly listing them.",6.0
1660,"You are a customer who recently booked a trip through a travel agency. The agency handled your transportation, accommodation, and insurance for the trip. You are a repeat customer and generally have a positive tone.","Write a 2-sentence customer review of a travel agency experience. The trip was to Santiago, Chile and started on 2023-07-15. The review should reflect the your experience with the agency's service quality, communication, and overall satisfaction. The tone should feel negative. The cost felt high for the value provided, contributing to a less satisfied experience. You've been trying to eat healthier but it's been a struggle. The tone and content should naturally reflect these details without explicitly listing them.",4.9
6204,"You are a customer who recently booked a trip through a travel agency. The agency handled your transportation, accommodation, and insurance for the trip. You are a repeat customer and generally have a positive tone.","Write a 4-sentence customer review of a travel agency experience. The trip was to Paris, France and started on 05/23/2021. The review should reflect the your experience with the agency's service quality, communication, and overall satisfaction. The tone should feel neutral. The cost felt high for the value provided, contributing to a less satisfied experience. The destination was more crowded than anticipated, which made it difficult to enjoy popular attractions. Your football team has been doing really well this season. The tone and content should naturally reflect these details without explicitly listing them.",7.0
5086,"You are a customer who recently booked a trip through a travel agency. The agency handled your transportation, accommodation, and insurance for the trip. You are a repeat customer and generally have a positive tone.","Write a 1-sentence customer review of a travel agency experience. The trip was to Rome, Italy and started on 02/05/2024. The review should reflect the your experience with the agency's service quality, communication, and overall satisfaction. The tone should feel neutral. The local tour guide recommended by the agency was unprofessional and detracted from the sightseeing experience. The tone and content should naturally reflect these details without explicitly listing them.",6.9
9881,"You are a customer who recently booked a trip through a travel agency. The agency handled your transportation, accommodation, and insurance for the trip. You are a repeat customer and generally have a positive tone.","Write a 3-sentence customer review of a travel agency experience. The trip was to Bangkok, Thailand and started on 2025-05-24. The review should reflect the your experience with the agency's service quality, communication, and overall satisfaction. The tone should feel positive. The trip was booked close to the travel date, causing delays in communication. The accommodation booked by the agency was subpar and detracted from the overall enjoyment of the trip. The tone and content should naturally reflect these details without explicitly listing them.",8.0
6576,"You are a customer who recently booked a trip through a travel agency. The agency handled your transportation, accommodation, and insurance for the trip. You are a repeat customer and generally have a positive tone.","Write a 1-sentence customer review of a travel agency experience. The trip was to Bangkok, Thailand and started on 2024-09-03. The review should reflect the your experience with the agency's service quality, communication, and overall satisfaction. The tone should feel neutral. The trip was booked close to the travel date, causing delays in communication. The tone and content should naturally reflect these details without explicitly listing them.",5.8
8226,"You are a customer who recently booked a trip through a travel agency. The agency handled your transportation, accommodation, and insurance for the trip.","Write a 4-sentence customer review of a travel agency experience. The trip was to Bali, Indonesia and started on 2023-03-03. The review should reflect the your experience with the agency's service quality, communication, and overall satisfaction. The tone should feel neutral. Your football team has been doing really well this season. The tone and content should naturally reflect these details without explicitly listing them.",5.1
1837,"You are a customer who recently booked a trip through a travel agency. The agency handled your transportation, accommodation, and insurance for the trip. You are middle-aged and tend to be less tolerant of excessive back-and-forth communication. You are a repeat customer and generally have a positive tone.","Write a 4-sentence customer review of a travel agency experience. The trip was to Bali, Indonesia and started on 2025-10-19. The review should reflect the your experience with the agency's service quality, communication, and overall satisfaction. The tone should feel neutral. The tone and content should naturally reflect these details without explicitly listing them.",7.2
5421,"You are a customer who recently booked a trip through a travel agency. The agency handled your transportation, accommodation, and insurance for the trip. You are middle-aged and tend to be less tolerant of excessive back-and-forth communication.","Write a 3-sentence customer review of a travel agency experience. The trip was to Tokyo, Japan and started on 2025-03-10. The review should reflect the your experience with the agency's service quality, communication, and overall satisfaction. The tone should feel neutral. The trip involved a large group, and there were frustrations around coordinating passports and traveler information. The tone and content should naturally reflect these details without explicitly listing them.",5.1
4958,"You are a customer who recently booked a trip through a travel agency. The agency handled your transportation, accommodation, and insurance for the trip.","Write a 2-sentence customer review of a travel agency experience. The trip was to Johannesburg, South Africa and started on 07/06/2024. The review should reflect the your experience with the agency's service quality, communication, and overall satisfaction. The tone should feel neutral. The cost felt high for the value provided, contributing to a less satisfied experience. The tone and content should naturally reflect these details without explicitly listing them.",5.3
8799,"You are a customer who recently booked a trip through a travel agency. The agency handled your transportation, accommodation, and insurance for the trip. You are a repeat customer and generally have a positive tone.","Write a 2-sentence customer review of a travel agency experience. The trip was to Cape Town, South Africa and started on 2025-07-19. The review should reflect the your experience with the agency's service quality, communication, and overall satisfaction. The tone should feel neutral. The tone and content should naturally reflect these details without explicitly listing them.",6.6
65,"You are a customer who recently booked a trip through a travel agency. The agency handled your transportation, accommodation, and insurance for the trip. You are a repeat customer and generally have a positive tone.","Write a 4-sentence customer review of a travel agency experience. The trip was to Bali, Indonesia and started on 07/27/2022. The review should reflect the your experience with the agency's service quality, communication, and overall satisfaction. The tone should feel neutral. The destination is less popular and should be described as a 'hidden gem' or uniquely enjoyable. The food recommendations provided by the agency were fantastic and enhanced the trip experience. The tone and content should naturally reflect these details without explicitly listing them.",6.3
2964,"You are a customer who recently booked a trip through a travel agency. The agency handled your transportation, accommodation, and insurance for the trip. You are a repeat customer and generally have a positive tone.","Write a 2-sentence customer review of a travel agency experience. The trip was to Paris, France and started on 2023-06-09. The review should reflect the your experience with the agency's service quality, communication, and overall satisfaction. The tone should feel neutral. The tone and content should naturally reflect these details without explicitly listing them.",5.7
7706,"You are a customer who recently booked a trip through a travel agency. The agency handled your transportation, accommodation, and insurance for the trip.","Write a 4-sentence customer review of a travel agency experience. The trip was to Johannesburg, South Africa and started on 2023-07-17. The review should reflect the your experience with the agency's service quality, communication, and overall satisfaction. The tone should feel negative. The destination is less popular and should be described as a 'hidden gem' or uniquely enjoyable. The cost felt high for the value provided, contributing to a less satisfied experience. The tone and content should naturally reflect these details without explicitly listing them.",4.7
563,"You are a customer who recently booked a trip through a travel agency. The agency handled your transportation, accommodation, and insurance for the trip. You are a repeat customer and generally have a positive tone.","Write a 1-sentence customer review of a travel agency experience. The trip was to New Delhi, India and started on 2023-05-11. The review should reflect the your experience with the agency's service quality, communication, and overall satisfaction. The tone should feel neutral. The tone and content should naturally reflect these details without explicitly listing them.",6.2
823,"You are a customer who recently booked a trip through a travel agency. The agency handled your transportation, accommodation, and insurance for the trip.","Write a 3-sentence customer review of a travel agency experience. The trip was to New Delhi, India and started on 2021-12-25. The review should reflect the your experience with the agency's service quality, communication, and overall satisfaction. The tone should feel neutral. The destination is less popular and should be described as a 'hidden gem' or uniquely enjoyable. The agent's accent was hard to understand, which made communication frustrating. The tone and content should naturally reflect these details without explicitly listing them.",6.5
5638,"You are a customer who recently booked a trip through a travel agency. The agency handled your transportation, accommodation, and insurance for the trip. You are middle-aged and tend to be less tolerant of excessive back-and-forth communication.","Write a 4-sentence customer review of a travel agency experience. The trip was to Rome, Italy and started on 2022-07-04. The review should reflect the your experience with the agency's service quality, communication, and overall satisfaction. The tone should feel negative. The trip involved a large group, and there were frustrations around coordinating passports and traveler information. The trip was booked close to the travel date, causing delays in communication. You've been trying to eat healthier but it's been a struggle. The tone and content should naturally reflect these details without explicitly listing them.",4.6
9442,"You are a customer who recently booked a trip through a travel agency. The agency handled your transportation, accommodation, and insurance for the trip.","Write a 1-sentence customer review of a travel agency experience. The trip was to Bangkok, Thailand and started on 2021-10-17. The review should reflect the your experience with the agency's service quality, communication, and overall satisfaction. The tone should feel neutral. The beds at the accommodation were uncomfortable, leading to restless nights during the trip. The tone and content should naturally reflect these details without explicitly listing them.",5.3
4948,"You are a customer who recently booked a trip through a travel agency. The agency handled your transportation, accommodation, and insurance for the trip. You are a repeat customer and generally have a positive tone.","Write a 3-sentence customer review of a travel agency experience. The trip was to Cape Town ( South Africa and started on 2022-06-16. The review should reflect the your experience with the agency's service quality, communication, and overall satisfaction. The tone should feel neutral. The weather at the destination was unexpectedly bad, which impacted outdoor plans and overall enjoyment. You've been really getting into non-fiction literature lately. The tone and content should naturally reflect these details without explicitly listing them.",6.6
6414,"You are a customer who recently booked a trip through a travel agency. The agency handled your transportation, accommodation, and insurance for the trip.","Write a 2-sentence customer review of a travel agency experience. The trip was to Tokyo, Japan and started on 2023-05-23. The review should reflect the your experience with the agency's service quality, communication, and overall satisfaction. The tone should feel neutral. The trip was booked close to the travel date, causing delays in communication. The tone and content should naturally reflect these details without explicitly listing them.",5.4
4441,"You are a customer who recently booked a trip through a travel agency. The agency handled your transportation, accommodation, and insurance for the trip. You are middle-aged and tend to be less tolerant of excessive back-and-forth communication. You are a repeat customer and generally have a positive tone.","Write a 3-sentence customer review of a travel agency experience. The trip was to Reykjavik, Iceland and started on 2022-11-06. The review should reflect the your experience with the agency's service quality, communication, and overall satisfaction. The tone should feel neutral. The cost felt high for the value provided, contributing to a less satisfied experience. The tone and content should naturally reflect these details without explicitly listing them.",7.3
8690,"You are a customer who recently booked a trip through a travel agency. The agency handled your transportation, accommodation, and insurance for the trip.","Write a 4-sentence customer review of a travel agency experience. The trip was to Tokyo, Japan and started on 2022-06-17. The review should reflect the your experience with the agency's service quality, communication, and overall satisfaction. The tone should feel neutral. Your football team has been doing really well this season. The tone and content should naturally reflect these details without explicitly listing them.",5.4
7661,"You are a customer who recently booked a trip through a travel agency. The agency handled your transportation, accommodation, and insurance for the trip. You are middle-aged and tend to be less tolerant of excessive back-and-forth communication.","Write a 1-sentence customer review of a travel agency experience. The trip was to Tokyo, Japan and started on 2023-08-12. The review should reflect the your experience with the agency's service quality, communication, and overall satisfaction. The tone should feel neutral. The tone and content should naturally reflect these details without explicitly listing them.",5.8
2077,"You are a customer who recently booked a trip through a travel agency. The agency handled your transportation, accommodation, and insurance for the trip. You are a repeat customer and generally have a positive tone.","Write a 3-sentence customer review of a travel agency experience. The trip was to New Delhi, India and started on 2026-03-20. The review should reflect the your experience with the agency's service quality, communication, and overall satisfaction. The tone should feel negative. The tone and content should naturally reflect these details without explicitly listing them.",3.9
9100,"You are a customer who recently booked a trip through a travel agency. The agency handled your transportation, accommodation, and insurance for the trip. You are a repeat customer and generally have a positive tone.","Write a 3-sentence customer review of a travel agency experience. The trip was to New Delhi, India and started on 2026-01-08. The review should reflect the your experience with the agency's service quality, communication, and overall satisfaction. The tone should feel neutral. The destination is less popular and should be described as a 'hidden gem' or uniquely enjoyable. The cost felt high for the value provided, contributing to a less satisfied experience. The transportation arrangements were comfortable and reliable, making the travel experience smooth. The tone and content should naturally reflect these details without explicitly listing them.",5.1
4640,"You are a customer who recently booked a trip through a travel agency. The agency handled your transportation, accommodation, and insurance for the trip. You are a repeat customer and generally have a positive tone.","Write a 1-sentence customer review of a travel agency experience. The trip was to Rome, Italy and started on 2022-08-18. The review should reflect the your experience with the agency's service quality, communication, and overall satisfaction. The tone should feel neutral. The tone and content should naturally reflect these details without explicitly listing them.",5.7
9823,"You are a customer who recently booked a trip through a travel agency. The agency handled your transportation, accommodation, and insurance for the trip. You are middle-aged and tend to be less tolerant of excessive back-and-forth communication.","Write a 2-sentence customer review of a travel agency experience. The trip was to Tokyo, Japan and started on 2023-09-05. The review should reflect the your experience with the agency's service quality, communication, and overall satisfaction. The tone should feel neutral. The cost felt high for the value provided, contributing to a less satisfied experience. The tone and content should naturally reflect these details without explicitly listing them.",5.1
8164,"You are a customer who recently booked a trip through a travel agency. The agency handled your transportation, accommodation, and insurance for the trip. You are a repeat customer and generally have a positive tone.","Write a 1-sentence customer review of a travel agency experience. The trip was to Reykjavik, Iceland and started on 09/05/2022. The review should reflect the your experience with the agency's service quality, communication, and overall satisfaction. The tone should feel neutral. The tone and content should naturally reflect these details without explicitly listing them.",6.2
7881,"You are a customer who recently booked a trip through a travel agency. The agency handled your transportation, accommodation, and insurance for the trip.","Write a 1-sentence customer review of a travel agency experience. The trip was to Lima, Peru and started on 2024-10-11. The review should reflect the your experience with the agency's service quality, communication, and overall satisfaction. The tone should feel neutral. The trip was booked close to the travel date, causing delays in communication. The weather at the destination was unexpectedly bad, which impacted outdoor plans and overall enjoyment. Your boss has been a real pain at work. The tone and content should naturally reflect these details without explicitly listing them.",6.4
5048,"You are a customer who recently booked a trip through a travel agency. The agency handled your transportation, accommodation, and insurance for the trip. You are a repeat customer and generally have a positive tone.","Write a 1-sentence customer review of a travel agency experience. The trip was to Santiago, Chile and started on 2022-04-29. The review should reflect the your experience with the agency's service quality, communication, and overall satisfaction. The tone should feel neutral. The tone and content should naturally reflect these details without explicitly listing them.",6.2
1467,"You are a customer who recently booked a trip through a travel agency. The agency handled your transportation, accommodation, and insurance for the trip. You are a repeat customer and generally have a positive tone.","Write a 4-sentence customer review of a travel agency experience. The trip was to New Delhi, India and started on 2025-12-01. The review should reflect the your experience with the agency's service quality, communication, and overall satisfaction. The tone should feel neutral. The cost felt high for the value provided, contributing to a less satisfied experience. The tone and content should naturally reflect these details without explicitly listing them.",7.1
7695,"You are a customer who recently booked a trip through a travel agency. The agency handled your transportation, accommodation, and insurance for the trip. You are a younger traveler and are more price-sensitive, expecting good value for the cost.","Write a 3-sentence customer review of a travel agency experience. The trip was to Bangkok, Thailand and started on 10/28/2024. The review should reflect the your experience with the agency's service quality, communication, and overall satisfaction. The tone should feel neutral. The trip was booked close to the travel date, causing delays in communication. The cost felt high for the value provided, contributing to a less satisfied experience. The tone and content should naturally reflect these details without explicitly listing them.",6.0
6233,"You are a customer who recently booked a trip through a travel agency. The agency handled your transportation, accommodation, and insurance for the trip.","Write a 3-sentence customer review of a travel agency experience. The trip was to Rome, Italy and started on 2025-12-05. The review should reflect the your experience with the agency's service quality, communication, and overall satisfaction. The tone should feel neutral. The cost felt high for the value provided, contributing to a less satisfied experience. The tone and content should naturally reflect these details without explicitly listing them.",6.0
5409,"You are a customer who recently booked a trip through a travel agency. The agency handled your transportation, accommodation, and insurance for the trip. You are middle-aged and tend to be less tolerant of excessive back-and-forth communication.","Write a 4-sentence customer review of a travel agency experience. The trip was to Reykjavik, Iceland and started on 2023-02-13. The review should reflect the your experience with the agency's service quality, communication, and overall satisfaction. The tone should feel neutral. The cost felt high for the value provided, contributing to a less satisfied experience. The tone and content should naturally reflect these details without explicitly listing them.",7.6
1625,"You are a customer who recently booked a trip through a travel agency. The agency handled your transportation, accommodation, and insurance for the trip. You are a repeat customer and generally have a positive tone.","Write a 4-sentence customer review of a travel agency experience. The trip was to Buenos Aires, Argentina and started on 2022-04-21. The review should reflect the your experience with the agency's service quality, communication, and overall satisfaction. The tone should feel neutral. The tone and content should naturally reflect these details without explicitly listing them.",6.9
7298,"You are a customer who recently booked a trip through a travel agency. The agency handled your transportation, accommodation, and insurance for the trip. You are middle-aged and tend to be less tolerant of excessive back-and-forth communication.","Write a 2-sentence customer review of a travel agency experience. The trip was to Bangkok, Thailand and started on 02/01/2022. The review should reflect the your experience with the agency's service quality, communication, and overall satisfaction. The tone should feel neutral. The cost felt high for the value provided, contributing to a less satisfied experience. The tone and content should naturally reflect these details without explicitly listing them.",6.2
36,"You are a customer who recently booked a trip through a travel agency. The agency handled your transportation, accommodation, and insurance for the trip. You are middle-aged and tend to be less tolerant of excessive back-and-forth communication.","Write a 3-sentence customer review of a travel agency experience. The trip was to Tokyo, Japan and started on 01/12/2026. The review should reflect the your experience with the agency's service quality, communication, and overall satisfaction. The tone should feel neutral. The tone and content should naturally reflect these details without explicitly listing them.",6.0
9109,"You are a customer who recently booked a trip through a travel agency. The agency handled your transportation, accommodation, and insurance for the trip. You are a younger traveler and are more price-sensitive, expecting good value for the cost. You are a repeat customer and generally have a positive tone.","Write a 4-sentence customer review of a travel agency experience. The trip was to Tokyo, Japan and started on 2024-05-19. The review should reflect the your experience with the agency's service quality, communication, and overall satisfaction. The tone should feel negative. The trip was booked close to the travel date, causing delays in communication. The cost felt high for the value provided, contributing to a less satisfied experience. The destination was more crowded than anticipated, which made it difficult to enjoy popular attractions. The tone and content should naturally reflect these details without explicitly listing them.",3.2
865,"You are a customer who recently booked a trip through a travel agency. The agency handled your transportation, accommodation, and insurance for the trip. You are a repeat customer and generally have a positive tone.","Write a 1-sentence customer review of a travel agency experience. The trip was to Rome, Italy and started on 2022-07-02. The review should reflect the your experience with the agency's service quality, communication, and overall satisfaction. The tone should feel neutral. The trip was booked close to the travel date, causing delays in communication. The cost felt high for the value provided, contributing to a less satisfied experience. The beds at the accommodation were uncomfortable, leading to restless nights during the trip. The tone and content should naturally reflect these details without explicitly listing them.",5.3
1267,"You are a customer who recently booked a trip through a travel agency. The agency handled your transportation, accommodation, and insurance for the trip. You are a younger traveler and are more price-sensitive, expecting good value for the cost.","Write a 1-sentence customer review of a travel agency experience. The trip was to Bali, Indonesia and started on 2025-07-22. The review should reflect the your experience with the agency's service quality, communication, and overall satisfaction. The tone should feel neutral. The trip was booked close to the travel date, causing delays in communication. The cost felt high for the value provided, contributing to a less satisfied experience. The tone and content should naturally reflect these details without explicitly listing them.",6.6
7983,"You are a customer who recently booked a trip through a travel agency. The agency handled your transportation, accommodation, and insurance for the trip.","Write a 4-sentence customer review of a travel agency experience. The trip was to Tokyo, Japan and started on 2023-05-11. The review should reflect the your experience with the agency's service quality, communication, and overall satisfaction. The tone should feel neutral. The trip was booked close to the travel date, causing delays in communication. The tone and content should naturally reflect these details without explicitly listing them.",5.2
1452,"You are a customer who recently booked a trip through a travel agency. The agency handled your transportation, accommodation, and insurance for the trip. You are a repeat customer and generally have a positive tone.","Write a 1-sentence customer review of a travel agency experience. The trip was to Barcelona, Spain and started on 2021-04-08. The review should reflect the your experience with the agency's service quality, communication, and overall satisfaction. The tone should feel neutral. You can't seem to find a good show to watch on TV these days. The tone and content should naturally reflect these details without explicitly listing them.",7.6
465,"You are a customer who recently booked a trip through a travel agency. The agency handled your transportation, accommodation, and insurance for the trip. You are a repeat customer and generally have a positive tone.","Write a 2-sentence customer review of a travel agency experience. The trip was to Rome, Italy and started on 2025-09-18. The review should reflect the your experience with the agency's service quality, communication, and overall satisfaction. The tone should feel neutral. Your cat was lonely while you were away and has been extra affectionate since you returned. The tone and content should naturally reflect these details without explicitly listing them.",5.9
3614,"You are a customer who recently booked a trip through a travel agency. The agency handled your transportation, accommodation, and insurance for the trip. You are a repeat customer and generally have a positive tone.","Write a 1-sentence customer review of a travel agency experience. The trip was to Tokyo, Japan and started on 2023-03-13. The review should reflect the your experience with the agency's service quality, communication, and overall satisfaction. The tone should feel neutral. The tone and content should naturally reflect these details without explicitly listing them.",7.3
8931,"You are a customer who recently booked a trip through a travel agency. The agency handled your transportation, accommodation, and insurance for the trip. You are a younger traveler and are more price-sensitive, expecting good value for the cost.","Write a 2-sentence customer review of a travel agency experience. The trip was to Johannesburg, South Africa and started on 2024-02-23. The review should reflect the your experience with the agency's service quality, communication, and overall satisfaction. The tone should feel negative. The trip was booked close to the travel date, causing delays in communication. The tone and content should naturally reflect these details without explicitly listing them.",4.7
8890,"You are a customer who recently booked a trip through a travel agency. The agency handled your transportation, accommodation, and insurance for the trip.","Write a 1-sentence customer review of a travel agency experience. The trip was to Tokyo, Japan and started on 2024-08-28. The review should reflect the your experience with the agency's service quality, communication, and overall satisfaction. The tone should feel neutral. The tone and content should naturally reflect these details without explicitly listing them.",6.4
5087,"You are a customer who recently booked a trip through a travel agency. The agency handled your transportation, accommodation, and insurance for the trip. You are middle-aged and tend to be less tolerant of excessive back-and-forth communication. You are a repeat customer and generally have a positive tone.","Write a 1-sentence customer review of a travel agency experience. The trip was to Buenos Aires, Argentina and started on 2022-04-13. The review should reflect the your experience with the agency's service quality, communication, and overall satisfaction. The tone should feel neutral. The destination is less popular and should be described as a 'hidden gem' or uniquely enjoyable. The tone and content should naturally reflect these details without explicitly listing them.",4.9
8886,"You are a customer who recently booked a trip through a travel agency. The agency handled your transportation, accommodation, and insurance for the trip.","Write a 4-sentence customer review of a travel agency experience. The trip was to Reykjavik, Iceland and started on 2025-04-10. The review should reflect the your experience with the agency's service quality, communication, and overall satisfaction. The tone should feel neutral. The destination is less popular and should be described as a 'hidden gem' or uniquely enjoyable. The cost felt high for the value provided, contributing to a less satisfied experience. The tone and content should naturally reflect these details without explicitly listing them.",5.3
8319,"You are a customer who recently booked a trip through a travel agency. The agency handled your transportation, accommodation, and insurance for the trip. You are a repeat customer and generally have a positive tone.","Write a 2-sentence customer review of a travel agency experience. The trip was to Santiago, Chile and started on 2021-07-24. The review should reflect the your experience with the agency's service quality, communication, and overall satisfaction. The tone should feel neutral. The trip was booked close to the travel date, causing delays in communication. The cost felt high for the value provided, contributing to a less satisfied experience. The transportation arrangements were comfortable and reliable, making the travel experience smooth. Your boss has been a real pain at work. The tone and content should naturally reflect these details without explicitly listing them.",6.0
445,"You are a customer who recently booked a trip through a travel agency. The agency handled your transportation, accommodation, and insurance for the trip. You are middle-aged and tend to be less tolerant of excessive back-and-forth communication.","Write a 4-sentence customer review of a travel agency experience. The trip was to Buenos Aires, Argentina and started on 02/16/2024. The review should reflect the your experience with the agency's service quality, communication, and overall satisfaction. The tone should feel neutral. The food recommendations provided by the agency were fantastic and enhanced the trip experience. The tone and content should naturally reflect these details without explicitly listing them.",5.3
1981,"You are a customer who recently booked a trip through a travel agency. The agency handled your transportation, accommodation, and insurance for the trip.","Write a 3-sentence customer review of a travel agency experience. The trip was to Cape Town, South Africa and started on 2023-05-25. The review should reflect the your experience with the agency's service quality, communication, and overall satisfaction. The tone should feel neutral. The trip involved a large group, and there were frustrations around coordinating passports and traveler information. The cost felt high for the value provided, contributing to a less satisfied experience. Your football team has been doing really well this season. The tone and content should naturally reflect these details without explicitly listing them.",5.5
9748,"You are a customer who recently booked a trip through a travel agency. The agency handled your transportation, accommodation, and insurance for the trip. You are a repeat customer and generally have a positive tone.","Write a 3-sentence customer review of a travel agency experience. The trip was to Barcelona, Spain and started on 2021-07-05. The review should reflect the your experience with the agency's service quality, communication, and overall satisfaction. The tone should feel neutral. The cost felt high for the value provided, contributing to a less satisfied experience. The tone and content should naturally reflect these details without explicitly listing them.",6.4
9842,"You are a customer who recently booked a trip through a travel agency. The agency handled your transportation, accommodation, and insurance for the trip.","Write a 2-sentence customer review of a travel agency experience. The trip was to Bali, Indonesia and started on 2021-03-17. The review should reflect the your experience with the agency's service quality, communication, and overall satisfaction. The tone should feel negative. The trip was booked close to the travel date, causing delays in communication. The tone and content should naturally reflect these details without explicitly listing them.",4.3
9507,"You are a customer who recently booked a trip through a travel agency. The agency handled your transportation, accommodation, and insurance for the trip.","Write a 2-sentence customer review of a travel agency experience. The trip was to Barcelona, Spain and started on 02/27/2025. The review should reflect the your experience with the agency's service quality, communication, and overall satisfaction. The tone should feel negative. The food recommendations provided by the agency were fantastic and enhanced the trip experience. The local currency exchange rates were unfavorable during the trip, which was frustrating. The tone and content should naturally reflect these details without explicitly listing them.",3.8
609,"You are a customer who recently booked a trip through a travel agency. The agency handled your transportation, accommodation, and insurance for the trip. You are middle-aged and tend to be less tolerant of excessive back-and-forth communication. You are a repeat customer and generally have a positive tone.","Write a 1-sentence customer review of a travel agency experience. The trip was to Barcelona, Spain and started on 2023-02-23. The review should reflect the your experience with the agency's service quality, communication, and overall satisfaction. The tone should feel neutral. The local cuisine was delicious and a highlight of the trip, even though it was not arranged by the agency. You can't seem to find a good show to watch on TV these days. The tone and content should naturally reflect these details without explicitly listing them.",5.4
2354,"You are a customer who recently booked a trip through a travel agency. The agency handled your transportation, accommodation, and insurance for the trip.","Write a 2-sentence customer review of a travel agency experience. The trip was to Barcelona, Spain and started on 2021-07-12. The review should reflect the your experience with the agency's service quality, communication, and overall satisfaction. The tone should feel neutral. The cost felt high for the value provided, contributing to a less satisfied experience. The tone and content should naturally reflect these details without explicitly listing them.",6.3
2232,"You are a customer who recently booked a trip through a travel agency. The agency handled your transportation, accommodation, and insurance for the trip. You are a younger traveler and are more price-sensitive, expecting good value for the cost.","Write a 4-sentence customer review of a travel agency experience. The trip was to Bali, Indonesia and started on 2022-09-19. The review should reflect the your experience with the agency's service quality, communication, and overall satisfaction. The tone should feel neutral. The destination was more crowded than anticipated, which made it difficult to enjoy popular attractions. The tone and content should naturally reflect these details without explicitly listing them.",7.0
7974,"You are a customer who recently booked a trip through a travel agency. The agency handled your transportation, accommodation, and insurance for the trip. You are a repeat customer and generally have a positive tone.","Write a 1-sentence customer review of a travel agency experience. The trip was to Lima, Peru and started on 2023-05-06. The review should reflect the your experience with the agency's service quality, communication, and overall satisfaction. The tone should feel neutral. You can't seem to find a good show to watch on TV these days. The tone and content should naturally reflect these details without explicitly listing them.",5.3
4033,"You are a customer who recently booked a trip through a travel agency. The agency handled your transportation, accommodation, and insurance for the trip.","Write a 2-sentence customer review of a travel agency experience. The trip was to Bangkok, Thailand and started on 2023-07-01. The review should reflect the your experience with the agency's service quality, communication, and overall satisfaction. The tone should feel neutral. The weather at the destination was unexpectedly bad, which impacted outdoor plans and overall enjoyment. Your cat was lonely while you were away and has been extra affectionate since you returned. The tone and content should naturally reflect these details without explicitly listing them.",6.1
753,"You are a customer who recently booked a trip through a travel agency. The agency handled your transportation, accommodation, and insurance for the trip.","Write a 4-sentence customer review of a travel agency experience. The trip was to Rome, Italy and started on 2023-12-27. The review should reflect the your experience with the agency's service quality, communication, and overall satisfaction. The tone should feel neutral. The cost felt high for the value provided, contributing to a less satisfied experience. The Wi-Fi connection at the accommodation was unreliable, affecting productivity and entertainment. The tone and content should naturally reflect these details without explicitly listing them.",6.0
5789,"You are a customer who recently booked a trip through a travel agency. The agency handled your transportation, accommodation, and insurance for the trip.","Write a 3-sentence customer review of a travel agency experience. The trip was to Cape Town, South Africa and started on 2025-03-08. The review should reflect the your experience with the agency's service quality, communication, and overall satisfaction. The tone should feel neutral. The tone and content should naturally reflect these details without explicitly listing them.",5.9
1092,"You are a customer who recently booked a trip through a travel agency. The agency handled your transportation, accommodation, and insurance for the trip. You are a repeat customer and generally have a positive tone.","Write a 4-sentence customer review of a travel agency experience. The trip was to New Delhi, India and started on 2021-12-27. The review should reflect the your experience with the agency's service quality, communication, and overall satisfaction. The tone should feel neutral. The tone and content should naturally reflect these details without explicitly listing them.",6.7
5426,"You are a customer who recently booked a trip through a travel agency. The agency handled your transportation, accommodation, and insurance for the trip. You are a repeat customer and generally have a positive tone.","Write a 2-sentence customer review of a travel agency experience. The trip was to Rome, Italy and started on 2021-09-07. The review should reflect the your experience with the agency's service quality, communication, and overall satisfaction. The tone should feel neutral. The trip was booked close to the travel date, causing delays in communication. You've been really getting into non-fiction literature lately. Your boss has been a real pain at work. The tone and content should naturally reflect these details without explicitly listing them.",6.9
6382,"You are a customer who recently booked a trip through a travel agency. The agency handled your transportation, accommodation, and insurance for the trip.","Write a 3-sentence customer review of a travel agency experience. The trip was to Tokyo, Japan and started on 2025-07-17. The review should reflect the your experience with the agency's service quality, communication, and overall satisfaction. The tone should feel neutral. The trip was booked close to the travel date, causing delays in communication. The tone and content should naturally reflect these details without explicitly listing them.",5.1
5576,"You are a customer who recently booked a trip through a travel agency. The agency handled your transportation, accommodation, and insurance for the trip.","Write a 4-sentence customer review of a travel agency experience. The trip was to Cape Town, South Africa and started on 2025-10-09. The review should reflect the your experience with the agency's service quality, communication, and overall satisfaction. The tone should feel negative. The destination is less popular and should be described as a 'hidden gem' or uniquely enjoyable. The destination was more crowded than anticipated, which made it difficult to enjoy popular attractions. Your boss has been a real pain at work. You've been really getting into non-fiction literature lately. The tone and content should naturally reflect these details without explicitly listing them.",4.7
5881,"You are a customer who recently booked a trip through a travel agency. The agency handled your transportation, accommodation, and insurance for the trip.","Write a 3-sentence customer review of a travel agency experience. The trip was to Bali, Indonesia and started on 2023-04-13. The review should reflect the your experience with the agency's service quality, communication, and overall satisfaction. The tone should feel neutral. The destination is less popular and should be described as a 'hidden gem' or uniquely enjoyable. The tone and content should naturally reflect these details without explicitly listing them.",6.3
9672,"You are a customer who recently booked a trip through a travel agency. The agency handled your transportation, accommodation, and insurance for the trip.","Write a 1-sentence customer review of a travel agency experience. The trip was to Marrakech, Morocco and started on 2025-12-19. The review should reflect the your experience with the agency's service quality, communication, and overall satisfaction. The tone should feel negative. The trip was booked close to the travel date, causing delays in communication. The tone and content should naturally reflect these details without explicitly listing them.",5.0
5630,"You are a customer who recently booked a trip through a travel agency. The agency handled your transportation, accommodation, and insurance for the trip.","Write a 1-sentence customer review of a travel agency experience. The trip was to Rome, Italy and started on 2023-04-13. The review should reflect the your experience with the agency's service quality, communication, and overall satisfaction. The tone should feel neutral. The cost felt high for the value provided, contributing to a less satisfied experience. The Wi-Fi connection at the accommodation was unreliable, affecting productivity and entertainment. The tone and content should naturally reflect these details without explicitly listing them.",6.2
5478,"You are a customer who recently booked a trip through a travel agency. The agency handled your transportation, accommodation, and insurance for the trip. You are middle-aged and tend to be less tolerant of excessive back-and-forth communication.","Write a 4-sentence customer review of a travel agency experience. The trip was to Rome, Italy and started on 2024-08-05. The review should reflect the your experience with the agency's service quality, communication, and overall satisfaction. The tone should feel neutral. The cost felt high for the value provided, contributing to a less satisfied experience. The destination was more crowded than anticipated, which made it difficult to enjoy popular attractions. The tone and content should naturally reflect these details without explicitly listing them.",6.2
1054,"You are a customer who recently booked a trip through a travel agency. The agency handled your transportation, accommodation, and insurance for the trip. You are a repeat customer and generally have a positive tone.","Write a 4-sentence customer review of a travel agency experience. The trip was to Bangkok, Thailand and started on 2023-01-02. The review should reflect the your experience with the agency's service quality, communication, and overall satisfaction. The tone should feel neutral. Your cat was lonely while you were away and has been extra affectionate since you returned. The tone and content should naturally reflect these details without explicitly listing them.",6.5
3688,"You are a customer who recently booked a trip through a travel agency. The agency handled your transportation, accommodation, and insurance for the trip. You are a repeat customer and generally have a positive tone.","Write a 3-sentence customer review of a travel agency experience. The trip was to Tokyo, Japan and started on 2026-02-24. The review should reflect the your experience with the agency's service quality, communication, and overall satisfaction. The tone should feel neutral. Your football team has been doing really well this season. The tone and content should naturally reflect these details without explicitly listing them.",5.5
9298,"You are a customer who recently booked a trip through a travel agency. The agency handled your transportation, accommodation, and insurance for the trip.","Write a 1-sentence customer review of a travel agency experience. The trip was to Cape Town, South Africa and started on 2022-11-24. The review should reflect the your experience with the agency's service quality, communication, and overall satisfaction. The tone should feel neutral. The cost felt high for the value provided, contributing to a less satisfied experience. The accommodation booked by the agency was subpar and detracted from the overall enjoyment of the trip. Your cat was lonely while you were away and has been extra affectionate since you returned. The tone and content should naturally reflect these details without explicitly listing them.",7.5
4409,"You are a customer who recently booked a trip through a travel agency. The agency handled your transportation, accommodation, and insurance for the trip. You are a repeat customer and generally have a positive tone.","Write a 1-sentence customer review of a travel agency experience. The trip was to Barcelona, Spain and started on 2023-07-02. The review should reflect the your experience with the agency's service quality, communication, and overall satisfaction. The tone should feel negative. The tone and content should naturally reflect these details without explicitly listing them.",3.1
3338,"You are a customer who recently booked a trip through a travel agency. The agency handled your transportation, accommodation, and insurance for the trip. You are a repeat customer and generally have a positive tone.","Write a 3-sentence customer review of a travel agency experience. The trip was to Reykjavik, Iceland and started on 2021-11-29. The review should reflect the your experience with the agency's service quality, communication, and overall satisfaction. The tone should feel positive. The destination is less popular and should be described as a 'hidden gem' or uniquely enjoyable. The tone and content should naturally reflect these details without explicitly listing them.",8.0
6131,"You are a customer who recently booked a trip through a travel agency. The agency handled your transportation, accommodation, and insurance for the trip. You are a repeat customer and generally have a positive tone.","Write a 3-sentence customer review of a travel agency experience. The trip was to Bali, Indonesia and started on 2022-12-14. The review should reflect the your experience with the agency's service quality, communication, and overall satisfaction. The tone should feel neutral. The destination is less popular and should be described as a 'hidden gem' or uniquely enjoyable. The weather at the destination was unexpectedly bad, which impacted outdoor plans and overall enjoyment. The tone and content should naturally reflect these details without explicitly listing them.",7.1
5690,"You are a customer who recently booked a trip through a travel agency. The agency handled your transportation, accommodation, and insurance for the trip.","Write a 3-sentence customer review of a travel agency experience. The trip was to Cairo, Egypt and started on 02/28/2022. The review should reflect the your experience with the agency's service quality, communication, and overall satisfaction. The tone should feel neutral. The destination is less popular and should be described as a 'hidden gem' or uniquely enjoyable. The tone and content should naturally reflect these details without explicitly listing them.",6.2
5870,"You are a customer who recently booked a trip through a travel agency. The agency handled your transportation, accommodation, and insurance for the trip. You are a repeat customer and generally have a positive tone.","Write a 4-sentence customer review of a travel agency experience. The trip was to Rome, Italy and started on 2024-05-04. The review should reflect the your experience with the agency's service quality, communication, and overall satisfaction. The tone should feel neutral. The tone and content should naturally reflect these details without explicitly listing them.",6.1
4612,"You are a customer who recently booked a trip through a travel agency. The agency handled your transportation, accommodation, and insurance for the trip. You are a repeat customer and generally have a positive tone.","Write a 4-sentence customer review of a travel agency experience. The trip was to Paris, France and started on 2023-11-23. The review should reflect the your experience with the agency's service quality, communication, and overall satisfaction. The tone should feel neutral. The trip involved a large group, and there were frustrations around coordinating passports and traveler information. The cost felt high for the value provided, contributing to a less satisfied experience. The tone and content should naturally reflect these details without explicitly listing them.",5.9
5214,"You are a customer who recently booked a trip through a travel agency. The agency handled your transportation, accommodation, and insurance for the trip. You are middle-aged and tend to be less tolerant of excessive back-and-forth communication.","Write a 1-sentence customer review of a travel agency experience. The trip was to Cairo, Egypt and started on 2026-04-18. The review should reflect the your experience with the agency's service quality, communication, and overall satisfaction. The tone should feel neutral. The tone and content should naturally reflect these details without explicitly listing them.",6.1
4684,"You are a customer who recently booked a trip through a travel agency. The agency handled your transportation, accommodation, and insurance for the trip. You are a repeat customer and generally have a positive tone.","Write a 3-sentence customer review of a travel agency experience. The trip was to Tokyo ( Japan and started on 2023-08-19. The review should reflect the your experience with the agency's service quality, communication, and overall satisfaction. The tone should feel neutral. The tone and content should naturally reflect these details without explicitly listing them.",6.8
6705,"You are a customer who recently booked a trip through a travel agency. The agency handled your transportation, accommodation, and insurance for the trip.","Write a 4-sentence customer review of a travel agency experience. The trip was to Barcelona, Spain and started on 2022-02-20. The review should reflect the your experience with the agency's service quality, communication, and overall satisfaction. The tone should feel neutral. The tone and content should naturally reflect these details without explicitly listing them.",7.2
4654,"You are a customer who recently booked a trip through a travel agency. The agency handled your transportation, accommodation, and insurance for the trip. You are a repeat customer and generally have a positive tone.","Write a 3-sentence customer review of a travel agency experience. The trip was to Buenos Aires, Argentina and started on 10/30/2025. The review should reflect the your experience with the agency's service quality, communication, and overall satisfaction. The tone should feel negative. The trip was booked close to the travel date, causing delays in communication. The tone and content should naturally reflect these details without explicitly listing them.",3.8
6621,"You are a customer who recently booked a trip through a travel agency. The agency handled your transportation, accommodation, and insurance for the trip. You are a repeat customer and generally have a positive tone.","Write a 2-sentence customer review of a travel agency experience. The trip was to Reykjavik, Iceland and started on 2022-09-30. The review should reflect the your experience with the agency's service quality, communication, and overall satisfaction. The tone should feel neutral. The tone and content should naturally reflect these details without explicitly listing them.",5.2
9191,"You are a customer who recently booked a trip through a travel agency. The agency handled your transportation, accommodation, and insurance for the trip. You are a repeat customer and generally have a positive tone.","Write a 3-sentence customer review of a travel agency experience. The trip was to Tokyo, Japan and started on 2024-08-24. The review should reflect the your experience with the agency's service quality, communication, and overall satisfaction. The tone should feel neutral. The tone and content should naturally reflect these details without explicitly listing them.",6.9
8403,"You are a customer who recently booked a trip through a travel agency. The agency handled your transportation, accommodation, and insurance for the trip.","Write a 2-sentence customer review of a travel agency experience. The trip was to Johannesburg ( South Africa and started on 2025-12-19. The review should reflect the your experience with the agency's service quality, communication, and overall satisfaction. The tone should feel neutral. The destination is less popular and should be described as a 'hidden gem' or uniquely enjoyable. The tone and content should naturally reflect these details without explicitly listing them.",6.3
8215,"You are a customer who recently booked a trip through a travel agency. The agency handled your transportation, accommodation, and insurance for the trip.","Write a 3-sentence customer review of a travel agency experience. The trip was to Tokyo, Japan and started on 2025-03-30. The review should reflect the your experience with the agency's service quality, communication, and overall satisfaction. The tone should feel neutral. You've been trying to eat healthier but it's been a struggle. The tone and content should naturally reflect these details without explicitly listing them.",6.5
3953,"You are a customer who recently booked a trip through a travel agency. The agency handled your transportation, accommodation, and insurance for the trip. You are a repeat customer and generally have a positive tone.","Write a 3-sentence customer review of a travel agency experience. The trip was to Cape Town, South Africa and started on 2024-11-07. The review should reflect the your experience with the agency's service quality, communication, and overall satisfaction. The tone should feel neutral. The cost felt high for the value provided, contributing to a less satisfied experience. The beds at the accommodation were uncomfortable, leading to restless nights during the trip. The tone and content should naturally reflect these details without explicitly listing them.",5.4
7376,"You are a customer who recently booked a trip through a travel agency. The agency handled your transportation, accommodation, and insurance for the trip. You are a repeat customer and generally have a positive tone.","Write a 4-sentence customer review of a travel agency experience. The trip was to Barcelona, Spain and started on 10/05/2025. The review should reflect the your experience with the agency's service quality, communication, and overall satisfaction. The tone should feel neutral. The accommodation booked by the agency was subpar and detracted from the overall enjoyment of the trip. Your boss has been a real pain at work. The tone and content should naturally reflect these details without explicitly listing them.",7.5
528,"You are a customer who recently booked a trip through a travel agency. The agency handled your transportation, accommodation, and insurance for the trip.","Write a 1-sentence customer review of a travel agency experience. The trip was to Johannesburg, South Africa and started on 2021-11-18. The review should reflect the your experience with the agency's service quality, communication, and overall satisfaction. The tone should feel neutral. The destination is less popular and should be described as a 'hidden gem' or uniquely enjoyable. The trip was booked close to the travel date, causing delays in communication. The agent's accent was hard to understand, which made communication frustrating. The tone and content should naturally reflect these details without explicitly listing them.",5.7
2051,"You are a customer who recently booked a trip through a travel agency. The agency handled your transportation, accommodation, and insurance for the trip. You are a repeat customer and generally have a positive tone.","Write a 2-sentence customer review of a travel agency experience. The trip was to Barcelona, Spain and started on 2021-09-28. The review should reflect the your experience with the agency's service quality, communication, and overall satisfaction. The tone should feel neutral. The trip was booked close to the travel date, causing delays in communication. The cost felt high for the value provided, contributing to a less satisfied experience. The tone and content should naturally reflect these details without explicitly listing them.",5.3
8841,"You are a customer who recently booked a trip through a travel agency. The agency handled your transportation, accommodation, and insurance for the trip. You are a repeat customer and generally have a positive tone.","Write a 1-sentence customer review of a travel agency experience. The trip was to Paris, France and started on 2023-08-05. The review should reflect the your experience with the agency's service quality, communication, and overall satisfaction. The tone should feel neutral. The destination was more crowded than anticipated, which made it difficult to enjoy popular attractions. Your neighbor Daniel is a real asshole, isn't he? The tone and content should naturally reflect these details without explicitly listing them.",7.1
413,"You are a customer who recently booked a trip through a travel agency. The agency handled your transportation, accommodation, and insurance for the trip.","Write a 3-sentence customer review of a travel agency experience. The trip was to Paris, France and started on 2023-09-12. The review should reflect the your experience with the agency's service quality, communication, and overall satisfaction. The tone should feel neutral. The cost felt high for the value provided, contributing to a less satisfied experience. The tone and content should naturally reflect these details without explicitly listing them.",7.8
5180,"You are a customer who recently booked a trip through a travel agency. The agency handled your transportation, accommodation, and insurance for the trip.","Write a 4-sentence customer review of a travel agency experience. The trip was to Paris, France and started on 05/21/2024. The review should reflect the your experience with the agency's service quality, communication, and overall satisfaction. The tone should feel neutral. The tone and content should naturally reflect these details without explicitly listing them.",6.3
7790,"You are a customer who recently booked a trip through a travel agency. The agency handled your transportation, accommodation, and insurance for the trip. You are middle-aged and tend to be less tolerant of excessive back-and-forth communication. You are a repeat customer and generally have a positive tone.","Write a 3-sentence customer review of a travel agency experience. The trip was to Cape Town, South Africa and started on 2021-10-05. The review should reflect the your experience with the agency's service quality, communication, and overall satisfaction. The tone should feel neutral. The tone and content should naturally reflect these details without explicitly listing them.",5.6
6861,"You are a customer who recently booked a trip through a travel agency. The agency handled your transportation, accommodation, and insurance for the trip. You are a repeat customer and generally have a positive tone.","Write a 3-sentence customer review of a travel agency experience. The trip was to Bali, Indonesia and started on 04/26/2025. The review should reflect the your experience with the agency's service quality, communication, and overall satisfaction. The tone should feel neutral. The local currency exchange rates were unfavorable during the trip, which was frustrating. You've been trying to eat healthier but it's been a struggle. The tone and content should naturally reflect these details without explicitly listing them.",6.6
19,"You are a customer who recently booked a trip through a travel agency. The agency handled your transportation, accommodation, and insurance for the trip. You are a repeat customer and generally have a positive tone.","Write a 2-sentence customer review of a travel agency experience. The trip was to Lima, Peru and started on 2025-07-14. The review should reflect the your experience with the agency's service quality, communication, and overall satisfaction. The tone should feel neutral. The cost felt high for the value provided, contributing to a less satisfied experience. The beds at the accommodation were uncomfortable, leading to restless nights during the trip. The tone and content should naturally reflect these details without explicitly listing them.",5.2
1789,"You are a customer who recently booked a trip through a travel agency. The agency handled your transportation, accommodation, and insurance for the trip.","Write a 2-sentence customer review of a travel agency experience. The trip was to Cairo, Egypt and started on 2023-02-07. The review should reflect the your experience with the agency's service quality, communication, and overall satisfaction. The tone should feel neutral. The transportation arrangements were comfortable and reliable, making the travel experience smooth. The check-in process was lengthy and inefficient, causing delays in settling into the accommodation. The tone and content should naturally reflect these details without explicitly listing them.",7.1
5811,"You are a customer who recently booked a trip through a travel agency. The agency handled your transportation, accommodation, and insurance for the trip. You are a repeat customer and generally have a positive tone.","Write a 3-sentence customer review of a travel agency experience. The trip was to Barcelona, Spain and started on 01/26/2023. The review should reflect the your experience with the agency's service quality, communication, and overall satisfaction. The tone should feel neutral. The trip involved a large group, and there were frustrations around coordinating passports and traveler information. The tone and content should naturally reflect these details without explicitly listing them.",7.4
6519,"You are a customer who recently booked a trip through a travel agency. The agency handled your transportation, accommodation, and insurance for the trip. You are a repeat customer and generally have a positive tone.","Write a 4-sentence customer review of a travel agency experience. The trip was to Tokyo, Japan and started on 2025-04-28. The review should reflect the your experience with the agency's service quality, communication, and overall satisfaction. The tone should feel negative. The tone and content should naturally reflect these details without explicitly listing them.",4.3
5620,"You are a customer who recently booked a trip through a travel agency. The agency handled your transportation, accommodation, and insurance for the trip. You are a repeat customer and generally have a positive tone.","Write a 4-sentence customer review of a travel agency experience. The trip was to Tokyo, Japan and started on 2025-12-29. The review should reflect the your experience with the agency's service quality, communication, and overall satisfaction. The tone should feel neutral. The tone and content should naturally reflect these details without explicitly listing them.",6.4
8901,"You are a customer who recently booked a trip through a travel agency. The agency handled your transportation, accommodation, and insurance for the trip. You are middle-aged and tend to be less tolerant of excessive back-and-forth communication.","Write a 4-sentence customer review of a travel agency experience. The trip was to Reykjavik, Iceland and started on 2021-08-08. The review should reflect the your experience with the agency's service quality, communication, and overall satisfaction. The tone should feel negative. The trip was booked close to the travel date, causing delays in communication. The cost felt high for the value provided, contributing to a less satisfied experience. The tone and content should naturally reflect these details without explicitly listing them.",4.2
7988,"You are a customer who recently booked a trip through a travel agency. The agency handled your transportation, accommodation, and insurance for the trip. You are a repeat customer and generally have a positive tone.","Write a 4-sentence customer review of a travel agency experience. The trip was to Cairo, Egypt and started on 2022-04-05. The review should reflect the your experience with the agency's service quality, communication, and overall satisfaction. The tone should feel negative. Your boss has been a real pain at work. The tone and content should naturally reflect these details without explicitly listing them.",4.9
4298,"You are a customer who recently booked a trip through a travel agency. The agency handled your transportation, accommodation, and insurance for the trip. You are middle-aged and tend to be less tolerant of excessive back-and-forth communication.","Write a 3-sentence customer review of a travel agency experience. The trip was to Paris, France and started on 2026-01-18. The review should reflect the your experience with the agency's service quality, communication, and overall satisfaction. The tone should feel neutral. The tone and content should naturally reflect these details without explicitly listing them.",5.7
9104,"You are a customer who recently booked a trip through a travel agency. The agency handled your transportation, accommodation, and insurance for the trip. You are a younger traveler and are more price-sensitive, expecting good value for the cost. You are a repeat customer and generally have a positive tone.","Write a 1-sentence customer review of a travel agency experience. The trip was to Santiago, Chile and started on 2022-09-18. The review should reflect the your experience with the agency's service quality, communication, and overall satisfaction. The tone should feel positive. The transportation arrangements were comfortable and reliable, making the travel experience smooth. Your cat was lonely while you were away and has been extra affectionate since you returned. The tone and content should naturally reflect these details without explicitly listing them.",8.8
9909,"You are a customer who recently booked a trip through a travel agency. The agency handled your transportation, accommodation, and insurance for the trip. You are a younger traveler and are more price-sensitive, expecting good value for the cost.","Write a 2-sentence customer review of a travel agency experience. The trip was to Bangkok, Thailand and started on 2022-10-03. The review should reflect the your experience with the agency's service quality, communication, and overall satisfaction. The tone should feel neutral. The tone and content should naturally reflect these details without explicitly listing them.",7.1
9741,"You are a customer who recently booked a trip through a travel agency. The agency handled your transportation, accommodation, and insurance for the trip.","Write a 1-sentence customer review of a travel agency experience. The trip was to Santiago, Chile and started on 12/12/2022. The review should reflect the your experience with the agency's service quality, communication, and overall satisfaction. The tone should feel neutral. The tone and content should naturally reflect these details without explicitly listing them.",5.7
2470,"You are a customer who recently booked a trip through a travel agency. The agency handled your transportation, accommodation, and insurance for the trip. You are middle-aged and tend to be less tolerant of excessive back-and-forth communication.","Write a 3-sentence customer review of a travel agency experience. The trip was to Barcelona, Spain and started on 2024-08-05. The review should reflect the your experience with the agency's service quality, communication, and overall satisfaction. The tone should feel neutral. The transportation arrangements were comfortable and reliable, making the travel experience smooth. The local currency exchange rates were unfavorable during the trip, which was frustrating. The tone and content should naturally reflect these details without explicitly listing them.",5.5
1732,"You are a customer who recently booked a trip through a travel agency. The agency handled your transportation, accommodation, and insurance for the trip. You are a repeat customer and generally have a positive tone.","Write a 3-sentence customer review of a travel agency experience. The trip was to Tokyo, Japan and started on 2022-11-23. The review should reflect the your experience with the agency's service quality, communication, and overall satisfaction. The tone should feel neutral. The tone and content should naturally reflect these details without explicitly listing them.",7.7
8310,"You are a customer who recently booked a trip through a travel agency. The agency handled your transportation, accommodation, and insurance for the trip.","Write a 4-sentence customer review of a travel agency experience. The trip was to Tokyo, Japan and started on 2024-06-02. The review should reflect the your experience with the agency's service quality, communication, and overall satisfaction. The tone should feel negative. The local tour guide recommended by the agency was unprofessional and detracted from the sightseeing experience. Your boss has been a real pain at work. The tone and content should naturally reflect these details without explicitly listing them.",4.1
6975,"You are a customer who recently booked a trip through a travel agency. The agency handled your transportation, accommodation, and insurance for the trip. You are a repeat customer and generally have a positive tone.","Write a 3-sentence customer review of a travel agency experience. The trip was to Reykjavik, Iceland and started on 2024-11-15. The review should reflect the your experience with the agency's service quality, communication, and overall satisfaction. The tone should feel neutral. The destination is less popular and should be described as a 'hidden gem' or uniquely enjoyable. The cost felt high for the value provided, contributing to a less satisfied experience. The tone and content should naturally reflect these details without explicitly listing them.",6.1
7193,"You are a customer who recently booked a trip through a travel agency. The agency handled your transportation, accommodation, and insurance for the trip. You are a repeat customer and generally have a positive tone.","Write a 3-sentence customer review of a travel agency experience. The trip was to Paris, France and started on 2021-06-15. The review should reflect the your experience with the agency's service quality, communication, and overall satisfaction. The tone should feel neutral. The tone and content should naturally reflect these details without explicitly listing them.",5.7
4841,"You are a customer who recently booked a trip through a travel agency. The agency handled your transportation, accommodation, and insurance for the trip.","Write a 2-sentence customer review of a travel agency experience. The trip was to Bangkok, Thailand and started on 2024-07-03. The review should reflect the your experience with the agency's service quality, communication, and overall satisfaction. The tone should feel neutral. Your cat was lonely while you were away and has been extra affectionate since you returned. The tone and content should naturally reflect these details without explicitly listing them.",6.1
3857,"You are a customer who recently booked a trip through a travel agency. The agency handled your transportation, accommodation, and insurance for the trip. You are a repeat customer and generally have a positive tone.","Write a 4-sentence customer review of a travel agency experience. The trip was to Barcelona, Spain and started on 2024-07-15. The review should reflect the your experience with the agency's service quality, communication, and overall satisfaction. The tone should feel neutral. The beds at the accommodation were uncomfortable, leading to restless nights during the trip. The tone and content should naturally reflect these details without explicitly listing them.",8.3
3305,"You are a customer who recently booked a trip through a travel agency. The agency handled your transportation, accommodation, and insurance for the trip. You are middle-aged and tend to be less tolerant of excessive back-and-forth communication. You are a repeat customer and generally have a positive tone.","Write a 2-sentence customer review of a travel agency experience. The trip was to Tokyo, Japan and started on 06/28/2025. The review should reflect the your experience with the agency's service quality, communication, and overall satisfaction. The tone should feel positive. Your neighbor Daniel is a real asshole, isn't he? The tone and content should naturally reflect these details without explicitly listing them.",8.0
7879,"You are a customer who recently booked a trip through a travel agency. The agency handled your transportation, accommodation, and insurance for the trip.","Write a 3-sentence customer review of a travel agency experience. The trip was to Marrakech, Morocco and started on 2023-08-13. The review should reflect the your experience with the agency's service quality, communication, and overall satisfaction. The tone should feel neutral. The destination is less popular and should be described as a 'hidden gem' or uniquely enjoyable. The trip was booked close to the travel date, causing delays in communication. The cost felt high for the value provided, contributing to a less satisfied experience. The tone and content should naturally reflect these details without explicitly listing them.",5.2
7893,"You are a customer who recently booked a trip through a travel agency. The agency handled your transportation, accommodation, and insurance for the trip.","Write a 1-sentence customer review of a travel agency experience. The trip was to Tokyo, Japan and started on 2025-05-12. The review should reflect the your experience with the agency's service quality, communication, and overall satisfaction. The tone should feel neutral. The cost felt high for the value provided, contributing to a less satisfied experience. The food recommendations provided by the agency were fantastic and enhanced the trip experience. The tone and content should naturally reflect these details without explicitly listing them.",7.6
5512,"You are a customer who recently booked a trip through a travel agency. The agency handled your transportation, accommodation, and insurance for the trip.","Write a 4-sentence customer review of a travel agency experience. The trip was to Johannesburg, South Africa and started on 2023-12-07. The review should reflect the your experience with the agency's service quality, communication, and overall satisfaction. The tone should feel negative. The tone and content should naturally reflect these details without explicitly listing them.",3.8
6466,"You are a customer who recently booked a trip through a travel agency. The agency handled your transportation, accommodation, and insurance for the trip. You are a repeat customer and generally have a positive tone.","Write a 2-sentence customer review of a travel agency experience. The trip was to Santiago, Chile and started on 2024-12-25. The review should reflect the your experience with the agency's service quality, communication, and overall satisfaction. The tone should feel neutral. The beds at the accommodation were uncomfortable, leading to restless nights during the trip. The tone and content should naturally reflect these details without explicitly listing them.",7.3
4328,"You are a customer who recently booked a trip through a travel agency. The agency handled your transportation, accommodation, and insurance for the trip.","Write a 3-sentence customer review of a travel agency experience. The trip was to Barcelona, Spain and started on 2026-03-08. The review should reflect the your experience with the agency's service quality, communication, and overall satisfaction. The tone should feel neutral. The trip involved a large group, and there were frustrations around coordinating passports and traveler information. The tone and content should naturally reflect these details without explicitly listing them.",6.8
3864,"You are a customer who recently booked a trip through a travel agency. The agency handled your transportation, accommodation, and insurance for the trip.","Write a 1-sentence customer review of a travel agency experience. The trip was to Barcelona, Spain and started on 2025-08-02. The review should reflect the your experience with the agency's service quality, communication, and overall satisfaction. The tone should feel neutral. The trip was booked close to the travel date, causing delays in communication. The tone and content should naturally reflect these details without explicitly listing them.",5.9
8452,"You are a customer who recently booked a trip through a travel agency. The agency handled your transportation, accommodation, and insurance for the trip.","Write a 3-sentence customer review of a travel agency experience. The trip was to Buenos Aires, Argentina and started on 2026-02-12. The review should reflect the your experience with the agency's service quality, communication, and overall satisfaction. The tone should feel neutral. Your neighbor Daniel is a real asshole, isn't he? The tone and content should naturally reflect these details without explicitly listing them.",7.7
5367,"You are a customer who recently booked a trip through a travel agency. The agency handled your transportation, accommodation, and insurance for the trip. You are a repeat customer and generally have a positive tone.","Write a 4-sentence customer review of a travel agency experience. The trip was to Rome, Italy and started on 2022-09-02. The review should reflect the your experience with the agency's service quality, communication, and overall satisfaction. The tone should feel neutral. The cost felt high for the value provided, contributing to a less satisfied experience. The tone and content should naturally reflect these details without explicitly listing them.",5.7
6183,"You are a customer who recently booked a trip through a travel agency. The agency handled your transportation, accommodation, and insurance for the trip. You are middle-aged and tend to be less tolerant of excessive back-and-forth communication.","Write a 3-sentence customer review of a travel agency experience. The trip was to Reykjavik, Iceland and started on 2021-09-24. The review should reflect the your experience with the agency's service quality, communication, and overall satisfaction. The tone should feel negative. The tone and content should naturally reflect these details without explicitly listing them.",4.5
6424,"You are a customer who recently booked a trip through a travel agency. The agency handled your transportation, accommodation, and insurance for the trip.","Write a 2-sentence customer review of a travel agency experience. The trip was to Cape Town, South Africa and started on 2026-02-13. The review should reflect the your experience with the agency's service quality, communication, and overall satisfaction. The tone should feel negative. The tone and content should naturally reflect these details without explicitly listing them.",3.1
1690,"You are a customer who recently booked a trip through a travel agency. The agency handled your transportation, accommodation, and insurance for the trip. You are a repeat customer and generally have a positive tone.","Write a 4-sentence customer review of a travel agency experience. The trip was to Paris, France and started on 05/10/2024. The review should reflect the your experience with the agency's service quality, communication, and overall satisfaction. The tone should feel neutral. The trip involved a large group, and there were frustrations around coordinating passports and traveler information. You can't seem to find a good show to watch on TV these days. The tone and content should naturally reflect these details without explicitly listing them.",6.6
8281,"You are a customer who recently booked a trip through a travel agency. The agency handled your transportation, accommodation, and insurance for the trip. You are middle-aged and tend to be less tolerant of excessive back-and-forth communication. You are a repeat customer and generally have a positive tone.","Write a 3-sentence customer review of a travel agency experience. The trip was to Johannesburg;  South Africa and started on 10/09/2023. The review should reflect the your experience with the agency's service quality, communication, and overall satisfaction. The tone should feel neutral. You've been trying to eat healthier but it's been a struggle. The tone and content should naturally reflect these details without explicitly listing them.",7.7
3284,"You are a customer who recently booked a trip through a travel agency. The agency handled your transportation, accommodation, and insurance for the trip. You are a repeat customer and generally have a positive tone.","Write a 3-sentence customer review of a travel agency experience. The trip was to Cape Town, South Africa and started on 2023-01-02. The review should reflect the your experience with the agency's service quality, communication, and overall satisfaction. The tone should feel neutral. The tone and content should naturally reflect these details without explicitly listing them.",6.9
3330,"You are a customer who recently booked a trip through a travel agency. The agency handled your transportation, accommodation, and insurance for the trip. You are middle-aged and tend to be less tolerant of excessive back-and-forth communication.","Write a 4-sentence customer review of a travel agency experience. The trip was to Bangkok, Thailand and started on 2021-02-24. The review should reflect the your experience with the agency's service quality, communication, and overall satisfaction. The tone should feel neutral. The trip was booked close to the travel date, causing delays in communication. The transportation arrangements were comfortable and reliable, making the travel experience smooth. The tone and content should naturally reflect these details without explicitly listing them.",5.7
904,"You are a customer who recently booked a trip through a travel agency. The agency handled your transportation, accommodation, and insurance for the trip.","Write a 4-sentence customer review of a travel agency experience. The trip was to Bangkok, Thailand and started on 2025-08-22. The review should reflect the your experience with the agency's service quality, communication, and overall satisfaction. The tone should feel negative. The trip was booked close to the travel date, causing delays in communication. The cost felt high for the value provided, contributing to a less satisfied experience. The tone and content should naturally reflect these details without explicitly listing them.",3.7
3187,"You are a customer who recently booked a trip through a travel agency. The agency handled your transportation, accommodation, and insurance for the trip.","Write a 2-sentence customer review of a travel agency experience. The trip was to Marrakech, Morocco and started on 2023-12-26. The review should reflect the your experience with the agency's service quality, communication, and overall satisfaction. The tone should feel neutral. The trip involved a large group, and there were frustrations around coordinating passports and traveler information. The trip was booked close to the travel date, causing delays in communication. You can't seem to find a good show to watch on TV these days. The tone and content should naturally reflect these details without explicitly listing them.",5.5
4118,"You are a customer who recently booked a trip through a travel agency. The agency handled your transportation, accommodation, and insurance for the trip.","Write a 2-sentence customer review of a travel agency experience. The trip was to Barcelona, Spain and started on 2025-08-01. The review should reflect the your experience with the agency's service quality, communication, and overall satisfaction. The tone should feel neutral. The tone and content should naturally reflect these details without explicitly listing them.",6.7
5003,"You are a customer who recently booked a trip through a travel agency. The agency handled your transportation, accommodation, and insurance for the trip.","Write a 4-sentence customer review of a travel agency experience. The trip was to Cape Town, South Africa and started on 07/16/2024. The review should reflect the your experience with the agency's service quality, communication, and overall satisfaction. The tone should feel negative. The destination is less popular and should be described as a 'hidden gem' or uniquely enjoyable. The cost felt high for the value provided, contributing to a less satisfied experience. The tone and content should naturally reflect these details without explicitly listing them.",3.4
3765,"You are a customer who recently booked a trip through a travel agency. The agency handled your transportation, accommodation, and insurance for the trip. You are a repeat customer and generally have a positive tone.","Write a 4-sentence customer review of a travel agency experience. The trip was to Barcelona, Spain and started on 2024-09-08. The review should reflect the your experience with the agency's service quality, communication, and overall satisfaction. The tone should feel neutral. The cost felt high for the value provided, contributing to a less satisfied experience. The weather at the destination was unexpectedly bad, which impacted outdoor plans and overall enjoyment. The tone and content should naturally reflect these details without explicitly listing them.",6.4
1276,"You are a customer who recently booked a trip through a travel agency. The agency handled your transportation, accommodation, and insurance for the trip.","Write a 4-sentence customer review of a travel agency experience. The trip was to Barcelona, Spain and started on 2024-02-12. The review should reflect the your experience with the agency's service quality, communication, and overall satisfaction. The tone should feel neutral. The tone and content should naturally reflect these details without explicitly listing them.",7.9
6187,"You are a customer who recently booked a trip through a travel agency. The agency handled your transportation, accommodation, and insurance for the trip. You are middle-aged and tend to be less tolerant of excessive back-and-forth communication.","Write a 4-sentence customer review of a travel agency experience. The trip was to Bali, Indonesia and started on 2024-03-04. The review should reflect the your experience with the agency's service quality, communication, and overall satisfaction. The tone should feel negative. The tone and content should naturally reflect these details without explicitly listing them.",4.4
4396,"You are a customer who recently booked a trip through a travel agency. The agency handled your transportation, accommodation, and insurance for the trip. You are a repeat customer and generally have a positive tone.","Write a 4-sentence customer review of a travel agency experience. The trip was to Tokyo, Japan and started on 2021-05-21. The review should reflect the your experience with the agency's service quality, communication, and overall satisfaction. The tone should feel neutral. The cost felt high for the value provided, contributing to a less satisfied experience. The tone and content should naturally reflect these details without explicitly listing them.",6.6
3898,"You are a customer who recently booked a trip through a travel agency. The agency handled your transportation, accommodation, and insurance for the trip.","Write a 2-sentence customer review of a travel agency experience. The trip was to New Delhi, India and started on 06/14/2023. The review should reflect the your experience with the agency's service quality, communication, and overall satisfaction. The tone should feel neutral. The tone and content should naturally reflect these details without explicitly listing them.",5.1
9090,"You are a customer who recently booked a trip through a travel agency. The agency handled your transportation, accommodation, and insurance for the trip. You are a repeat customer and generally have a positive tone.","Write a 2-sentence customer review of a travel agency experience. The trip was to Santiago, Chile and started on 2024-07-07. The review should reflect the your experience with the agency's service quality, communication, and overall satisfaction. The tone should feel negative. The trip was booked close to the travel date, causing delays in communication. Your football team has been doing really well this season. The tone and content should naturally reflect these details without explicitly listing them.",3.8
9145,"You are a customer who recently booked a trip through a travel agency. The agency handled your transportation, accommodation, and insurance for the trip. You are a repeat customer and generally have a positive tone.","Write a 3-sentence customer review of a travel agency experience. The trip was to Reykjavik, Iceland and started on 2022-12-20. The review should reflect the your experience with the agency's service quality, communication, and overall satisfaction. The tone should feel neutral. The transportation arrangements were comfortable and reliable, making the travel experience smooth. The tone and content should naturally reflect these details without explicitly listing them.",6.0
2937,"You are a customer who recently booked a trip through a travel agency. The agency handled your transportation, accommodation, and insurance for the trip. You are a younger traveler and are more price-sensitive, expecting good value for the cost.","Write a 4-sentence customer review of a travel agency experience. The trip was to Bangkok, Thailand and started on 2022-07-29. The review should reflect the your experience with the agency's service quality, communication, and overall satisfaction. The tone should feel neutral. The trip was booked close to the travel date, causing delays in communication. The cost felt high for the value provided, contributing to a less satisfied experience. The tone and content should naturally reflect these details without explicitly listing them.",6.6
7744,"You are a customer who recently booked a trip through a travel agency. The agency handled your transportation, accommodation, and insurance for the trip. You are middle-aged and tend to be less tolerant of excessive back-and-forth communication. You are a repeat customer and generally have a positive tone.","Write a 3-sentence customer review of a travel agency experience. The trip was to Barcelona, Spain and started on 2021-09-22. The review should reflect the your experience with the agency's service quality, communication, and overall satisfaction. The tone should feel neutral. The tone and content should naturally reflect these details without explicitly listing them.",7.2
2224,"You are a customer who recently booked a trip through a travel agency. The agency handled your transportation, accommodation, and insurance for the trip.","Write a 4-sentence customer review of a travel agency experience. The trip was to Paris, France and started on 2021-10-12. The review should reflect the your experience with the agency's service quality, communication, and overall satisfaction. The tone should feel neutral. The tone and content should naturally reflect these details without explicitly listing them.",6.7
2178,"You are a customer who recently booked a trip through a travel agency. The agency handled your transportation, accommodation, and insurance for the trip.","Write a 4-sentence customer review of a travel agency experience. The trip was to Cairo, Egypt and started on 2023-05-25. The review should reflect the your experience with the agency's service quality, communication, and overall satisfaction. The tone should feel neutral. The destination is less popular and should be described as a 'hidden gem' or uniquely enjoyable. The cost felt high for the value provided, contributing to a less satisfied experience. The local tour guide recommended by the agency was unprofessional and detracted from the sightseeing experience. The tone and content should naturally reflect these details without explicitly listing them.",6.8
9992,"You are a customer who recently booked a trip through a travel agency. The agency handled your transportation, accommodation, and insurance for the trip. You are middle-aged and tend to be less tolerant of excessive back-and-forth communication.","Write a 1-sentence customer review of a travel agency experience. The trip was to Cairo, Egypt and started on 2024-06-04. The review should reflect the your experience with the agency's service quality, communication, and overall satisfaction. The tone should feel neutral. The tone and content should naturally reflect these details without explicitly listing them.",6.0
4255,"You are a customer who recently booked a trip through a travel agency. The agency handled your transportation, accommodation, and insurance for the trip.","Write a 3-sentence customer review of a travel agency experience. The trip was to Bangkok, Thailand and started on 2025-12-18. The review should reflect the your experience with the agency's service quality, communication, and overall satisfaction. The tone should feel neutral. The tone and content should naturally reflect these details without explicitly listing them.",5.9
8553,"You are a customer who recently booked a trip through a travel agency. The agency handled your transportation, accommodation, and insurance for the trip. You are a repeat customer and generally have a positive tone.","Write a 3-sentence customer review of a travel agency experience. The trip was to Tokyo, Japan and started on 2021-06-02. The review should reflect the your experience with the agency's service quality, communication, and overall satisfaction. The tone should feel neutral. The tone and content should naturally reflect these details without explicitly listing them.",7.3
1390,"You are a customer who recently booked a trip through a travel agency. The agency handled your transportation, accommodation, and insurance for the trip.","Write a 1-sentence customer review of a travel agency experience. The trip was to Rome, Italy and started on 2024-06-27. The review should reflect the your experience with the agency's service quality, communication, and overall satisfaction. The tone should feel neutral. The destination was more crowded than anticipated, which made it difficult to enjoy popular attractions. The tone and content should naturally reflect these details without explicitly listing them.",6.0
6864,"You are a customer who recently booked a trip through a travel agency. The agency handled your transportation, accommodation, and insurance for the trip. You are a repeat customer and generally have a positive tone.","Write a 4-sentence customer review of a travel agency experience. The trip was to Tokyo, Japan and started on 12/08/2021. The review should reflect the your experience with the agency's service quality, communication, and overall satisfaction. The tone should feel neutral. The local currency exchange rates were favorable during the trip, which was a pleasant surprise. You've been trying to eat healthier but it's been a struggle. The tone and content should naturally reflect these details without explicitly listing them.",5.6
4891,"You are a customer who recently booked a trip through a travel agency. The agency handled your transportation, accommodation, and insurance for the trip. You are middle-aged and tend to be less tolerant of excessive back-and-forth communication. You are a repeat customer and generally have a positive tone.","Write a 4-sentence customer review of a travel agency experience. The trip was to Paris, France and started on 2024-03-08. The review should reflect the your experience with the agency's service quality, communication, and overall satisfaction. The tone should feel negative. The trip was booked close to the travel date, causing delays in communication. The cost felt high for the value provided, contributing to a less satisfied experience. The local currency exchange rates were favorable during the trip, which was a pleasant surprise. The tone and content should naturally reflect these details without explicitly listing them.",4.8
6380,"You are a customer who recently booked a trip through a travel agency. The agency handled your transportation, accommodation, and insurance for the trip. You are a repeat customer and generally have a positive tone.","Write a 2-sentence customer review of a travel agency experience. The trip was to Bali, Indonesia and started on 2025-10-23. The review should reflect the your experience with the agency's service quality, communication, and overall satisfaction. The tone should feel neutral. The destination is less popular and should be described as a 'hidden gem' or uniquely enjoyable. The trip was booked close to the travel date, causing delays in communication. The tone and content should naturally reflect these details without explicitly listing them.",6.0
3821,"You are a customer who recently booked a trip through a travel agency. The agency handled your transportation, accommodation, and insurance for the trip.","Write a 2-sentence customer review of a travel agency experience. The trip was to Bangkok ( Thailand and started on 2025-06-01. The review should reflect the your experience with the agency's service quality, communication, and overall satisfaction. The tone should feel positive. The cost felt high for the value provided, contributing to a less satisfied experience. Your neighbor Daniel is a real asshole, isn't he? The tone and content should naturally reflect these details without explicitly listing them.",8.3
1421,"You are a customer who recently booked a trip through a travel agency. The agency handled your transportation, accommodation, and insurance for the trip. You are middle-aged and tend to be less tolerant of excessive back-and-forth communication.","Write a 2-sentence customer review of a travel agency experience. The trip was to Tokyo ( Japan and started on 2024-10-24. The review should reflect the your experience with the agency's service quality, communication, and overall satisfaction. The tone should feel neutral. Your cat was lonely while you were away and has been extra affectionate since you returned. The tone and content should naturally reflect these details without explicitly listing them.",7.0
7507,"You are a customer who recently booked a trip through a travel agency. The agency handled your transportation, accommodation, and insurance for the trip. You are a repeat customer and generally have a positive tone.","Write a 2-sentence customer review of a travel agency experience. The trip was to Bali, Indonesia and started on 2023-12-21. The review should reflect the your experience with the agency's service quality, communication, and overall satisfaction. The tone should feel neutral. The trip involved a large group, and there were frustrations around coordinating passports and traveler information. The local currency exchange rates were favorable during the trip, which was a pleasant surprise. The tone and content should naturally reflect these details without explicitly listing them.",6.6
9147,"You are a customer who recently booked a trip through a travel agency. The agency handled your transportation, accommodation, and insurance for the trip.","Write a 2-sentence customer review of a travel agency experience. The trip was to Santiago, Chile and started on 2023-10-01. The review should reflect the your experience with the agency's service quality, communication, and overall satisfaction. The tone should feel neutral. The weather at the destination was unexpectedly bad, which impacted outdoor plans and overall enjoyment. The local tour guide recommended by the agency was knowledgeable and made the sightseeing experience much more enjoyable. Your boss has been a real pain at work. The tone and content should naturally reflect these details without explicitly listing them.",6.9
2483,"You are a customer who recently booked a trip through a travel agency. The agency handled your transportation, accommodation, and insurance for the trip.","Write a 4-sentence customer review of a travel agency experience. The trip was to Johannesburg, South Africa and started on 2022-12-21. The review should reflect the your experience with the agency's service quality, communication, and overall satisfaction. The tone should feel neutral. The tone and content should naturally reflect these details without explicitly listing them.",5.6
3472,"You are a customer who recently booked a trip through a travel agency. The agency handled your transportation, accommodation, and insurance for the trip.","Write a 3-sentence customer review of a travel agency experience. The trip was to Tokyo, Japan and started on 2025-03-03. The review should reflect the your experience with the agency's service quality, communication, and overall satisfaction. The tone should feel neutral. The trip was booked close to the travel date, causing delays in communication. The tone and content should naturally reflect these details without explicitly listing them.",3.6
7856,"You are a customer who recently booked a trip through a travel agency. The agency handled your transportation, accommodation, and insurance for the trip.","Write a 1-sentence customer review of a travel agency experience. The trip was to New Delhi, India and started on 11/30/2022. The review should reflect the your experience with the agency's service quality, communication, and overall satisfaction. The tone should feel neutral. The destination is less popular and should be described as a 'hidden gem' or uniquely enjoyable. The tone and content should naturally reflect these details without explicitly listing them.",5.1
7212,"You are a customer who recently booked a trip through a travel agency. The agency handled your transportation, accommodation, and insurance for the trip.","Write a 1-sentence customer review of a travel agency experience. The trip was to Bali, Indonesia and started on 2022-06-26. The review should reflect the your experience with the agency's service quality, communication, and overall satisfaction. The tone should feel negative. The cost felt high for the value provided, contributing to a less satisfied experience. The tone and content should naturally reflect these details without explicitly listing them.",2.8
49,"You are a customer who recently booked a trip through a travel agency. The agency handled your transportation, accommodation, and insurance for the trip. You are a repeat customer and generally have a positive tone.","Write a 2-sentence customer review of a travel agency experience. The trip was to Bangkok, Thailand and started on 2024-03-09. The review should reflect the your experience with the agency's service quality, communication, and overall satisfaction. The tone should feel positive. The tone and content should naturally reflect these details without explicitly listing them.",8.6
1508,"You are a customer who recently booked a trip through a travel agency. The agency handled your transportation, accommodation, and insurance for the trip.","Write a 2-sentence customer review of a travel agency experience. The trip was to Cape Town, South Africa and started on 2025-04-06. The review should reflect the your experience with the agency's service quality, communication, and overall satisfaction. The tone should feel neutral. The cost felt high for the value provided, contributing to a less satisfied experience. The tone and content should naturally reflect these details without explicitly listing them.",5.6
3966,"You are a customer who recently booked a trip through a travel agency. The agency handled your transportation, accommodation, and insurance for the trip. You are middle-aged and tend to be less tolerant of excessive back-and-forth communication. You are a repeat customer and generally have a positive tone.","Write a 3-sentence customer review of a travel agency experience. The trip was to Reykjavik, Iceland and started on 2022-05-25. The review should reflect the your experience with the agency's service quality, communication, and overall satisfaction. The tone should feel neutral. The tone and content should naturally reflect these details without explicitly listing them.",7.3
2658,"You are a customer who recently booked a trip through a travel agency. The agency handled your transportation, accommodation, and insurance for the trip. You are a repeat customer and generally have a positive tone.","Write a 3-sentence customer review of a travel agency experience. The trip was to New Delhi, India and started on 2022-11-12. The review should reflect the your experience with the agency's service quality, communication, and overall satisfaction. The tone should feel positive. The tone and content should naturally reflect these details without explicitly listing them.",9.0
5741,"You are a customer who recently booked a trip through a travel agency. The agency handled your transportation, accommodation, and insurance for the trip. You are middle-aged and tend to be less tolerant of excessive back-and-forth communication. You are a repeat customer and generally have a positive tone.","Write a 4-sentence customer review of a travel agency experience. The trip was to Paris, France and started on 05/19/2023. The review should reflect the your experience with the agency's service quality, communication, and overall satisfaction. The tone should feel positive. The tone and content should naturally reflect these details without explicitly listing them.",8.8
9514,"You are a customer who recently booked a trip through a travel agency. The agency handled your transportation, accommodation, and insurance for the trip.","Write a 2-sentence customer review of a travel agency experience. The trip was to Paris, France and started on 2025-08-27. The review should reflect the your experience with the agency's service quality, communication, and overall satisfaction. The tone should feel positive. Your neighbor Daniel is a real asshole, isn't he? The tone and content should naturally reflect these details without explicitly listing them.",8.0
8104,"You are a customer who recently booked a trip through a travel agency. The agency handled your transportation, accommodation, and insurance for the trip.","Write a 3-sentence customer review of a travel agency experience. The trip was to Marrakech, Morocco and started on 2026-01-19. The review should reflect the your experience with the agency's service quality, communication, and overall satisfaction. The tone should feel neutral. Your football team has been doing really well this season. The tone and content should naturally reflect these details without explicitly listing them.",6.3
2905,"You are a customer who recently booked a trip through a travel agency. The agency handled your transportation, accommodation, and insurance for the trip.","Write a 4-sentence customer review of a travel agency experience. The trip was to Barcelona, Spain and started on 2024-06-04. The review should reflect the your experience with the agency's service quality, communication, and overall satisfaction. The tone should feel neutral. The trip was booked close to the travel date, causing delays in communication. The tone and content should naturally reflect these details without explicitly listing them.",3.9
3017,"You are a customer who recently booked a trip through a travel agency. The agency handled your transportation, accommodation, and insurance for the trip. You are a repeat customer and generally have a positive tone.","Write a 1-sentence customer review of a travel agency experience. The trip was to Bangkok, Thailand and started on 2021-08-18. The review should reflect the your experience with the agency's service quality, communication, and overall satisfaction. The tone should feel neutral. The trip was booked close to the travel date, causing delays in communication. The food recommendations provided by the agency were fantastic and enhanced the trip experience. The tone and content should naturally reflect these details without explicitly listing them.",5.2
9019,"You are a customer who recently booked a trip through a travel agency. The agency handled your transportation, accommodation, and insurance for the trip.","Write a 2-sentence customer review of a travel agency experience. The trip was to Cape Town, South Africa and started on 2024-03-06. The review should reflect the your experience with the agency's service quality, communication, and overall satisfaction. The tone should feel neutral. The tone and content should naturally reflect these details without explicitly listing them.",5.6
2655,"You are a customer who recently booked a trip through a travel agency. The agency handled your transportation, accommodation, and insurance for the trip.","Write a 2-sentence customer review of a travel agency experience. The trip was to Paris, France and started on 2024-10-10. The review should reflect the your experience with the agency's service quality, communication, and overall satisfaction. The tone should feel positive. The tone and content should naturally reflect these details without explicitly listing them.",8.4
6291,"You are a customer who recently booked a trip through a travel agency. The agency handled your transportation, accommodation, and insurance for the trip.","Write a 4-sentence customer review of a travel agency experience. The trip was to Rome, Italy and started on 2025-05-13. The review should reflect the your experience with the agency's service quality, communication, and overall satisfaction. The tone should feel negative. The trip was booked close to the travel date, causing delays in communication. The food recommendations provided by the agency were fantastic and enhanced the trip experience. The tone and content should naturally reflect these details without explicitly listing them.",4.4
2710,"You are a customer who recently booked a trip through a travel agency. The agency handled your transportation, accommodation, and insurance for the trip.","Write a 4-sentence customer review of a travel agency experience. The trip was to Bali, Indonesia and started on 2025-08-09. The review should reflect the your experience with the agency's service quality, communication, and overall satisfaction. The tone should feel neutral. The destination is less popular and should be described as a 'hidden gem' or uniquely enjoyable. The cost felt high for the value provided, contributing to a less satisfied experience. The local tour guide recommended by the agency was unprofessional and detracted from the sightseeing experience. The tone and content should naturally reflect these details without explicitly listing them.",5.8
9641,"You are a customer who recently booked a trip through a travel agency. The agency handled your transportation, accommodation, and insurance for the trip.","Write a 2-sentence customer review of a travel agency experience. The trip was to Reykjavik, Iceland and started on 2022-09-26. The review should reflect the your experience with the agency's service quality, communication, and overall satisfaction. The tone should feel neutral. The destination is less popular and should be described as a 'hidden gem' or uniquely enjoyable. The trip involved a large group, and there were frustrations around coordinating passports and traveler information. The tone and content should naturally reflect these details without explicitly listing them.",6.7
9509,"You are a customer who recently booked a trip through a travel agency. The agency handled your transportation, accommodation, and insurance for the trip. You are a repeat customer and generally have a positive tone.","Write a 3-sentence customer review of a travel agency experience. The trip was to Bangkok, Thailand and started on 2025-11-20. The review should reflect the your experience with the agency's service quality, communication, and overall satisfaction. The tone should feel neutral. The tone and content should naturally reflect these details without explicitly listing them.",6.8
7722,"You are a customer who recently booked a trip through a travel agency. The agency handled your transportation, accommodation, and insurance for the trip.","Write a 1-sentence customer review of a travel agency experience. The trip was to Bangkok, Thailand and started on 2022-08-16. The review should reflect the your experience with the agency's service quality, communication, and overall satisfaction. The tone should feel neutral. The trip involved a large group, and there were frustrations around coordinating passports and traveler information. The tone and content should naturally reflect these details without explicitly listing them.",6.3
9824,"You are a customer who recently booked a trip through a travel agency. The agency handled your transportation, accommodation, and insurance for the trip. You are a younger traveler and are more price-sensitive, expecting good value for the cost.","Write a 2-sentence customer review of a travel agency experience. The trip was to Paris;  France and started on 2025-09-15. The review should reflect the your experience with the agency's service quality, communication, and overall satisfaction. The tone should feel neutral. The trip was booked close to the travel date, causing delays in communication. The tone and content should naturally reflect these details without explicitly listing them.",5.5
1315,"You are a customer who recently booked a trip through a travel agency. The agency handled your transportation, accommodation, and insurance for the trip. You are middle-aged and tend to be less tolerant of excessive back-and-forth communication. You are a repeat customer and generally have a positive tone.","Write a 2-sentence customer review of a travel agency experience. The trip was to Tokyo, Japan and started on 2024-12-22. The review should reflect the your experience with the agency's service quality, communication, and overall satisfaction. The tone should feel neutral. The tone and content should naturally reflect these details without explicitly listing them.",6.0
5671,"You are a customer who recently booked a trip through a travel agency. The agency handled your transportation, accommodation, and insurance for the trip.","Write a 2-sentence customer review of a travel agency experience. The trip was to Barcelona, Spain and started on 2021-06-09. The review should reflect the your experience with the agency's service quality, communication, and overall satisfaction. The tone should feel neutral. The tone and content should naturally reflect these details without explicitly listing them.",5.7
5204,"You are a customer who recently booked a trip through a travel agency. The agency handled your transportation, accommodation, and insurance for the trip. You are a repeat customer and generally have a positive tone.","Write a 2-sentence customer review of a travel agency experience. The trip was to Bali, Indonesia and started on 2023-05-29. The review should reflect the your experience with the agency's service quality, communication, and overall satisfaction. The tone should feel neutral. The tone and content should naturally reflect these details without explicitly listing them.",6.5
6311,"You are a customer who recently booked a trip through a travel agency. The agency handled your transportation, accommodation, and insurance for the trip.","Write a 1-sentence customer review of a travel agency experience. The trip was to Marrakech, Morocco and started on 2025-08-25. The review should reflect the your experience with the agency's service quality, communication, and overall satisfaction. The tone should feel neutral. The tone and content should naturally reflect these details without explicitly listing them.",6.9
1530,"You are a customer who recently booked a trip through a travel agency. The agency handled your transportation, accommodation, and insurance for the trip.","Write a 3-sentence customer review of a travel agency experience. The trip was to New Delhi, India and started on 2025-12-17. The review should reflect the your experience with the agency's service quality, communication, and overall satisfaction. The tone should feel neutral. The tone and content should naturally reflect these details without explicitly listing them.",5.6
2399,"You are a customer who recently booked a trip through a travel agency. The agency handled your transportation, accommodation, and insurance for the trip.","Write a 1-sentence customer review of a travel agency experience. The trip was to Bali, Indonesia and started on 2021-07-12. The review should reflect the your experience with the agency's service quality, communication, and overall satisfaction. The tone should feel neutral. The destination is less popular and should be described as a 'hidden gem' or uniquely enjoyable. The transportation arrangements were comfortable and reliable, making the travel experience smooth. Your football team has been doing really well this season. The tone and content should naturally reflect these details without explicitly listing them.",5.5
5782,"You are a customer who recently booked a trip through a travel agency. The agency handled your transportation, accommodation, and insurance for the trip. You are a repeat customer and generally have a positive tone.","Write a 1-sentence customer review of a travel agency experience. The trip was to Lima, Peru and started on 2021-06-15. The review should reflect the your experience with the agency's service quality, communication, and overall satisfaction. The tone should feel neutral. The trip involved a large group, and there were frustrations around coordinating passports and traveler information. The tone and content should naturally reflect these details without explicitly listing them.",5.8
3730,"You are a customer who recently booked a trip through a travel agency. The agency handled your transportation, accommodation, and insurance for the trip. You are a repeat customer and generally have a positive tone.","Write a 2-sentence customer review of a travel agency experience. The trip was to Barcelona, Spain and started on 2025-08-26. The review should reflect the your experience with the agency's service quality, communication, and overall satisfaction. The tone should feel negative. The tone and content should naturally reflect these details without explicitly listing them.",4.4
7476,"You are a customer who recently booked a trip through a travel agency. The agency handled your transportation, accommodation, and insurance for the trip. You are middle-aged and tend to be less tolerant of excessive back-and-forth communication. You are a repeat customer and generally have a positive tone.","Write a 1-sentence customer review of a travel agency experience. The trip was to Buenos Aires, Argentina and started on 2025-01-16. The review should reflect the your experience with the agency's service quality, communication, and overall satisfaction. The tone should feel neutral. The destination is less popular and should be described as a 'hidden gem' or uniquely enjoyable. The trip involved a large group, and there were frustrations around coordinating passports and traveler information. The beds at the accommodation were uncomfortable, leading to restless nights during the trip. The tone and content should naturally reflect these details without explicitly listing them.",5.1
4643,"You are a customer who recently booked a trip through a travel agency. The agency handled your transportation, accommodation, and insurance for the trip.","Write a 4-sentence customer review of a travel agency experience. The trip was to Paris, France and started on 2024-07-30. The review should reflect the your experience with the agency's service quality, communication, and overall satisfaction. The tone should feel negative. The trip involved a large group, and there were frustrations around coordinating passports and traveler information. The beds at the accommodation were uncomfortable, leading to restless nights during the trip. The local currency exchange rates were unfavorable during the trip, which was frustrating. Your cat was lonely while you were away and has been extra affectionate since you returned. The tone and content should naturally reflect these details without explicitly listing them.",4.1
6062,"You are a customer who recently booked a trip through a travel agency. The agency handled your transportation, accommodation, and insurance for the trip.","Write a 3-sentence customer review of a travel agency experience. The trip was to Tokyo, Japan and started on 2025-08-25. The review should reflect the your experience with the agency's service quality, communication, and overall satisfaction. The tone should feel negative. The cost felt high for the value provided, contributing to a less satisfied experience. The weather at the destination was unexpectedly bad, which impacted outdoor plans and overall enjoyment. Your neighbor Daniel is a real asshole, isn't he? The tone and content should naturally reflect these details without explicitly listing them.",4.5
8533,"You are a customer who recently booked a trip through a travel agency. The agency handled your transportation, accommodation, and insurance for the trip. You are a repeat customer and generally have a positive tone.","Write a 3-sentence customer review of a travel agency experience. The trip was to Marrakech, Morocco and started on 2021-12-04. The review should reflect the your experience with the agency's service quality, communication, and overall satisfaction. The tone should feel neutral. The cost felt high for the value provided, contributing to a less satisfied experience. The tone and content should naturally reflect these details without explicitly listing them.",5.1
1548,"You are a customer who recently booked a trip through a travel agency. The agency handled your transportation, accommodation, and insurance for the trip. You are middle-aged and tend to be less tolerant of excessive back-and-forth communication. You are a repeat customer and generally have a positive tone.","Write a 1-sentence customer review of a travel agency experience. The trip was to Reykjavik, Iceland and started on 2022-01-20. The review should reflect the your experience with the agency's service quality, communication, and overall satisfaction. The tone should feel neutral. The destination is less popular and should be described as a 'hidden gem' or uniquely enjoyable. The cost felt high for the value provided, contributing to a less satisfied experience. The tone and content should naturally reflect these details without explicitly listing them.",6.0
6945,"You are a customer who recently booked a trip through a travel agency. The agency handled your transportation, accommodation, and insurance for the trip.","Write a 4-sentence customer review of a travel agency experience. The trip was to Bangkok, Thailand and started on 2021-11-15. The review should reflect the your experience with the agency's service quality, communication, and overall satisfaction. The tone should feel neutral. The tone and content should naturally reflect these details without explicitly listing them.",5.3
4325,"You are a customer who recently booked a trip through a travel agency. The agency handled your transportation, accommodation, and insurance for the trip.","Write a 3-sentence customer review of a travel agency experience. The trip was to Bangkok, Thailand and started on 2024-09-16. The review should reflect the your experience with the agency's service quality, communication, and overall satisfaction. The tone should feel neutral. The trip was booked close to the travel date, causing delays in communication. You can't seem to find a good show to watch on TV these days. The tone and content should naturally reflect these details without explicitly listing them.",6.3
1850,"You are a customer who recently booked a trip through a travel agency. The agency handled your transportation, accommodation, and insurance for the trip. You are a repeat customer and generally have a positive tone.","Write a 4-sentence customer review of a travel agency experience. The trip was to Paris, France and started on 2024-02-29. The review should reflect the your experience with the agency's service quality, communication, and overall satisfaction. The tone should feel neutral. The food recommendations provided by the agency were fantastic and enhanced the trip experience. You've been really getting into non-fiction literature lately. The tone and content should naturally reflect these details without explicitly listing them.",6.2
4310,"You are a customer who recently booked a trip through a travel agency. The agency handled your transportation, accommodation, and insurance for the trip. You are a repeat customer and generally have a positive tone.","Write a 3-sentence customer review of a travel agency experience. The trip was to Reykjavik, Iceland and started on 2023-08-08. The review should reflect the your experience with the agency's service quality, communication, and overall satisfaction. The tone should feel neutral. The destination is less popular and should be described as a 'hidden gem' or uniquely enjoyable. The cost felt high for the value provided, contributing to a less satisfied experience. The tone and content should naturally reflect these details without explicitly listing them.",6.7
2414,"You are a customer who recently booked a trip through a travel agency. The agency handled your transportation, accommodation, and insurance for the trip. You are a repeat customer and generally have a positive tone.","Write a 1-sentence customer review of a travel agency experience. The trip was to Lima, Peru and started on 06/25/2022. The review should reflect the your experience with the agency's service quality, communication, and overall satisfaction. The tone should feel neutral. The trip was booked close to the travel date, causing delays in communication. You've been trying to eat healthier but it's been a struggle. The tone and content should naturally reflect these details without explicitly listing them.",6.6
771,"You are a customer who recently booked a trip through a travel agency. The agency handled your transportation, accommodation, and insurance for the trip.","Write a 4-sentence customer review of a travel agency experience. The trip was to Cape Town, South Africa and started on 2025-01-02. The review should reflect the your experience with the agency's service quality, communication, and overall satisfaction. The tone should feel neutral. The tone and content should naturally reflect these details without explicitly listing them.",5.9
7735,"You are a customer who recently booked a trip through a travel agency. The agency handled your transportation, accommodation, and insurance for the trip.","Write a 1-sentence customer review of a travel agency experience. The trip was to Lima, Peru and started on 2026-02-10. The review should reflect the your experience with the agency's service quality, communication, and overall satisfaction. The tone should feel neutral. The local currency exchange rates were favorable during the trip, which was a pleasant surprise. You've been really getting into non-fiction literature lately. The tone and content should naturally reflect these details without explicitly listing them.",6.6
3087,"You are a customer who recently booked a trip through a travel agency. The agency handled your transportation, accommodation, and insurance for the trip.","Write a 3-sentence customer review of a travel agency experience. The trip was to Tokyo, Japan and started on 2024-09-18. The review should reflect the your experience with the agency's service quality, communication, and overall satisfaction. The tone should feel neutral. Your football team has been doing really well this season. The tone and content should naturally reflect these details without explicitly listing them.",5.9
6296,"You are a customer who recently booked a trip through a travel agency. The agency handled your transportation, accommodation, and insurance for the trip. You are a repeat customer and generally have a positive tone.","Write a 2-sentence customer review of a travel agency experience. The trip was to Bali, Indonesia and started on 2023-01-22. The review should reflect the your experience with the agency's service quality, communication, and overall satisfaction. The tone should feel neutral. The tone and content should naturally reflect these details without explicitly listing them.",7.2
9929,"You are a customer who recently booked a trip through a travel agency. The agency handled your transportation, accommodation, and insurance for the trip. You are a younger traveler and are more price-sensitive, expecting good value for the cost.","Write a 4-sentence customer review of a travel agency experience. The trip was to Bali, Indonesia and started on 2021-05-28. The review should reflect the your experience with the agency's service quality, communication, and overall satisfaction. The tone should feel neutral. The trip involved a large group, and there were frustrations around coordinating passports and traveler information. The tone and content should naturally reflect these details without explicitly listing them.",6.5
2802,"You are a customer who recently booked a trip through a travel agency. The agency handled your transportation, accommodation, and insurance for the trip.","Write a 4-sentence customer review of a travel agency experience. The trip was to Paris, France and started on 2023-01-06. The review should reflect the your experience with the agency's service quality, communication, and overall satisfaction. The tone should feel negative. The trip was booked close to the travel date, causing delays in communication. The accommodation booked by the agency was subpar and detracted from the overall enjoyment of the trip. The tone and content should naturally reflect these details without explicitly listing them.",4.6
6437,"You are a customer who recently booked a trip through a travel agency. The agency handled your transportation, accommodation, and insurance for the trip. You are a repeat customer and generally have a positive tone.","Write a 1-sentence customer review of a travel agency experience. The trip was to Lima, Peru and started on 2023-06-21. The review should reflect the your experience with the agency's service quality, communication, and overall satisfaction. The tone should feel neutral. Your cat was lonely while you were away and has been extra affectionate since you returned. The tone and content should naturally reflect these details without explicitly listing them.",7.6
6622,"You are a customer who recently booked a trip through a travel agency. The agency handled your transportation, accommodation, and insurance for the trip. You are middle-aged and tend to be less tolerant of excessive back-and-forth communication. You are a repeat customer and generally have a positive tone.","Write a 3-sentence customer review of a travel agency experience. The trip was to Bali, Indonesia and started on 2026-02-09. The review should reflect the your experience with the agency's service quality, communication, and overall satisfaction. The tone should feel neutral. Your boss has been a real pain at work. The tone and content should naturally reflect these details without explicitly listing them.",7.7
5341,"You are a customer who recently booked a trip through a travel agency. The agency handled your transportation, accommodation, and insurance for the trip.","Write a 1-sentence customer review of a travel agency experience. The trip was to Marrakech, Morocco and started on 2025-04-18. The review should reflect the your experience with the agency's service quality, communication, and overall satisfaction. The tone should feel neutral. The cost felt high for the value provided, contributing to a less satisfied experience. The tone and content should naturally reflect these details without explicitly listing them.",6.7
7727,"You are a customer who recently booked a trip through a travel agency. The agency handled your transportation, accommodation, and insurance for the trip.","Write a 1-sentence customer review of a travel agency experience. The trip was to Tokyo, Japan and started on 2024-04-16. The review should reflect the your experience with the agency's service quality, communication, and overall satisfaction. The tone should feel neutral. The cost felt high for the value provided, contributing to a less satisfied experience. The tone and content should naturally reflect these details without explicitly listing them.",6.8
781,"You are a customer who recently booked a trip through a travel agency. The agency handled your transportation, accommodation, and insurance for the trip.","Write a 3-sentence customer review of a travel agency experience. The trip was to Rome, Italy and started on 2023-08-17. The review should reflect the your experience with the agency's service quality, communication, and overall satisfaction. The tone should feel negative. The cost felt high for the value provided, contributing to a less satisfied experience. You've been trying to eat healthier but it's been a struggle. The tone and content should naturally reflect these details without explicitly listing them.",4.7
9085,"You are a customer who recently booked a trip through a travel agency. The agency handled your transportation, accommodation, and insurance for the trip. You are middle-aged and tend to be less tolerant of excessive back-and-forth communication.","Write a 2-sentence customer review of a travel agency experience. The trip was to Paris, France and started on 2025-01-09. The review should reflect the your experience with the agency's service quality, communication, and overall satisfaction. The tone should feel negative. The trip was booked close to the travel date, causing delays in communication. The check-in process was lengthy and inefficient, causing delays in settling into the accommodation. The tone and content should naturally reflect these details without explicitly listing them.",3.6
2540,"You are a customer who recently booked a trip through a travel agency. The agency handled your transportation, accommodation, and insurance for the trip.","Write a 1-sentence customer review of a travel agency experience. The trip was to Marrakech, Morocco and started on 2022-06-13. The review should reflect the your experience with the agency's service quality, communication, and overall satisfaction. The tone should feel neutral. The cost felt high for the value provided, contributing to a less satisfied experience. The tone and content should naturally reflect these details without explicitly listing them.",4.2
4240,"You are a customer who recently booked a trip through a travel agency. The agency handled your transportation, accommodation, and insurance for the trip.","Write a 3-sentence customer review of a travel agency experience. The trip was to Bali, Indonesia and started on 2022-10-05. The review should reflect the your experience with the agency's service quality, communication, and overall satisfaction. The tone should feel negative. The tone and content should naturally reflect these details without explicitly listing them.",4.3
7723,"You are a customer who recently booked a trip through a travel agency. The agency handled your transportation, accommodation, and insurance for the trip.","Write a 4-sentence customer review of a travel agency experience. The trip was to Paris, France and started on 2023-06-23. The review should reflect the your experience with the agency's service quality, communication, and overall satisfaction. The tone should feel neutral. The tone and content should naturally reflect these details without explicitly listing them.",5.6
8084,"You are a customer who recently booked a trip through a travel agency. The agency handled your transportation, accommodation, and insurance for the trip. You are a repeat customer and generally have a positive tone.","Write a 1-sentence customer review of a travel agency experience. The trip was to Bangkok, Thailand and started on 2023-04-24. The review should reflect the your experience with the agency's service quality, communication, and overall satisfaction. The tone should feel neutral. The tone and content should naturally reflect these details without explicitly listing them.",5.0
4677,"You are a customer who recently booked a trip through a travel agency. The agency handled your transportation, accommodation, and insurance for the trip.","Write a 1-sentence customer review of a travel agency experience. The trip was to Bangkok, Thailand and started on 2025-04-01. The review should reflect the your experience with the agency's service quality, communication, and overall satisfaction. The tone should feel neutral. The cost felt high for the value provided, contributing to a less satisfied experience. Your cat was lonely while you were away and has been extra affectionate since you returned. The tone and content should naturally reflect these details without explicitly listing them.",6.2
7227,"You are a customer who recently booked a trip through a travel agency. The agency handled your transportation, accommodation, and insurance for the trip. You are a younger traveler and are more price-sensitive, expecting good value for the cost. You are a repeat customer and generally have a positive tone.","Write a 3-sentence customer review of a travel agency experience. The trip was to Marrakech, Morocco and started on 05/06/2022. The review should reflect the your experience with the agency's service quality, communication, and overall satisfaction. The tone should feel neutral. The destination is less popular and should be described as a 'hidden gem' or uniquely enjoyable. The check-in process was lengthy and inefficient, causing delays in settling into the accommodation. The tone and content should naturally reflect these details without explicitly listing them.",6.8
5069,"You are a customer who recently booked a trip through a travel agency. The agency handled your transportation, accommodation, and insurance for the trip.","Write a 3-sentence customer review of a travel agency experience. The trip was to Rome, Italy and started on 2021-06-21. The review should reflect the your experience with the agency's service quality, communication, and overall satisfaction. The tone should feel neutral. The destination was more crowded than anticipated, which made it difficult to enjoy popular attractions. The tone and content should naturally reflect these details without explicitly listing them.",6.9
6941,"You are a customer who recently booked a trip through a travel agency. The agency handled your transportation, accommodation, and insurance for the trip. You are a repeat customer and generally have a positive tone.","Write a 1-sentence customer review of a travel agency experience. The trip was to Marrakech, Morocco and started on 2026-01-06. The review should reflect the your experience with the agency's service quality, communication, and overall satisfaction. The tone should feel negative. The destination is less popular and should be described as a 'hidden gem' or uniquely enjoyable. The trip was booked close to the travel date, causing delays in communication. The tone and content should naturally reflect these details without explicitly listing them.",4.2
2255,"You are a customer who recently booked a trip through a travel agency. The agency handled your transportation, accommodation, and insurance for the trip. You are middle-aged and tend to be less tolerant of excessive back-and-forth communication. You are a repeat customer and generally have a positive tone.","Write a 1-sentence customer review of a travel agency experience. The trip was to Rome, Italy and started on 2025-10-19. The review should reflect the your experience with the agency's service quality, communication, and overall satisfaction. The tone should feel neutral. You can't seem to find a good show to watch on TV these days. The tone and content should naturally reflect these details without explicitly listing them.",6.4
8490,"You are a customer who recently booked a trip through a travel agency. The agency handled your transportation, accommodation, and insurance for the trip.","Write a 2-sentence customer review of a travel agency experience. The trip was to Bali, Indonesia and started on 2025-03-17. The review should reflect the your experience with the agency's service quality, communication, and overall satisfaction. The tone should feel neutral. The destination is less popular and should be described as a 'hidden gem' or uniquely enjoyable. The tone and content should naturally reflect these details without explicitly listing them.",7.5
9170,"You are a customer who recently booked a trip through a travel agency. The agency handled your transportation, accommodation, and insurance for the trip. You are a repeat customer and generally have a positive tone.","Write a 1-sentence customer review of a travel agency experience. The trip was to Cairo, Egypt and started on 04/12/2026. The review should reflect the your experience with the agency's service quality, communication, and overall satisfaction. The tone should feel negative. The locals were rude and unhelpful, which negatively impacted the overall experience of the trip. The tone and content should naturally reflect these details without explicitly listing them.",4.8
